ticker;name;asset_type;universe;source;active;weight;weight_percent;shares_held;identifier;sedol;sector;currency;as_of_date;source_url;notes
AAPL;APPLE INC;equity;sp500_value;State Street SPYV official daily holdings;TRUE;776538900;7765389;8835894;037833100;2046251;-;USD;21/05/2026;https://www.ssga.com/library-content/products/fund-data/etfs/us/holdings-daily-us-en-spyv.xlsx;
AMZN;AMAZON.COM INC;equity;sp500_value;State Street SPYV official daily holdings;TRUE;427530700;4275307;5526633;023135106;2000019;-;USD;21/05/2026;https://www.ssga.com/library-content/products/fund-data/etfs/us/holdings-daily-us-en-spyv.xlsx;
XOM;EXXON MOBIL CORP;equity;sp500_value;State Street SPYV official daily holdings;TRUE;225101900;2251019;5030469;30231G102;2326618;-;USD;21/05/2026;https://www.ssga.com/library-content/products/fund-data/etfs/us/holdings-daily-us-en-spyv.xlsx;
INTC;INTEL CORP;equity;sp500_value;State Street SPYV official daily holdings;TRUE;192996000;1929960;5652008;458140100;2463247;-;USD;21/05/2026;https://www.ssga.com/library-content/products/fund-data/etfs/us/holdings-daily-us-en-spyv.xlsx;
WMT;WALMART INC;equity;sp500_value;State Street SPYV official daily holdings;TRUE;184500600;1845006;5276752;931142103;2936921;-;USD;21/05/2026;https://www.ssga.com/library-content/products/fund-data/etfs/us/holdings-daily-us-en-spyv.xlsx;
COST;COSTCO WHOLESALE CORP;equity;sp500_value;State Street SPYV official daily holdings;TRUE;161746800;1617468;534359;22160K105;2701271;-;USD;21/05/2026;https://www.ssga.com/library-content/products/fund-data/etfs/us/holdings-daily-us-en-spyv.xlsx;
TSLA;TESLA INC;equity;sp500_value;State Street SPYV official daily holdings;TRUE;154900400;1549004;1286486;88160R101;B616C79;-;USD;21/05/2026;https://www.ssga.com/library-content/products/fund-data/etfs/us/holdings-daily-us-en-spyv.xlsx;
CVX;CHEVRON CORP;equity;sp500_value;State Street SPYV official daily holdings;TRUE;124197800;1241978;2256475;166764100;2838555;-;USD;21/05/2026;https://www.ssga.com/library-content/products/fund-data/etfs/us/holdings-daily-us-en-spyv.xlsx;
UNH;UNITEDHEALTH GROUP INC;equity;sp500_value;State Street SPYV official daily holdings;TRUE;120176000;1201760;1090390;91324P102;2917766;-;USD;21/05/2026;https://www.ssga.com/library-content/products/fund-data/etfs/us/holdings-daily-us-en-spyv.xlsx;
BAC;BANK OF AMERICA CORP;equity;sp500_value;State Street SPYV official daily holdings;TRUE;118514500;1185145;7987693;060505104;2295677;-;USD;21/05/2026;https://www.ssga.com/library-content/products/fund-data/etfs/us/holdings-daily-us-en-spyv.xlsx;
PG;PROCTER + GAMBLE CO/THE;equity;sp500_value;State Street SPYV official daily holdings;TRUE;115601600;1156016;2797612;742718109;2704407;-;USD;21/05/2026;https://www.ssga.com/library-content/products/fund-data/etfs/us/holdings-daily-us-en-spyv.xlsx;
HD;HOME DEPOT INC;equity;sp500_value;State Street SPYV official daily holdings;TRUE;108358800;1083588;1198428;437076102;2434209;-;USD;21/05/2026;https://www.ssga.com/library-content/products/fund-data/etfs/us/holdings-daily-us-en-spyv.xlsx;
MRK;MERCK + CO. INC.;equity;sp500_value;State Street SPYV official daily holdings;TRUE;99769000;997690;2987857;58933Y105;2778844;-;USD;21/05/2026;https://www.ssga.com/library-content/products/fund-data/etfs/us/holdings-daily-us-en-spyv.xlsx;
TXN;TEXAS INSTRUMENTS INC;equity;sp500_value;State Street SPYV official daily holdings;TRUE;93938700;939387;1092529;882508104;2885409;-;USD;21/05/2026;https://www.ssga.com/library-content/products/fund-data/etfs/us/holdings-daily-us-en-spyv.xlsx;
JPM;JPMORGAN CHASE + CO;equity;sp500_value;State Street SPYV official daily holdings;TRUE;90687000;906870;1038665;46625H100;2190385;-;USD;21/05/2026;https://www.ssga.com/library-content/products/fund-data/etfs/us/holdings-daily-us-en-spyv.xlsx;
V;VISA INC CLASS A SHARES;equity;sp500_value;State Street SPYV official daily holdings;TRUE;86898000;868980;910746;92826C839;B2PZN04;-;USD;21/05/2026;https://www.ssga.com/library-content/products/fund-data/etfs/us/holdings-daily-us-en-spyv.xlsx;
LIN;LINDE PLC;equity;sp500_value;State Street SPYV official daily holdings;TRUE;83337400;833374;562107;G54950103;BNZHB81;-;USD;21/05/2026;https://www.ssga.com/library-content/products/fund-data/etfs/us/holdings-daily-us-en-spyv.xlsx;
WFC;WELLS FARGO + CO;equity;sp500_value;State Street SPYV official daily holdings;TRUE;81446300;814463;3722958;949746101;2649100;-;USD;21/05/2026;https://www.ssga.com/library-content/products/fund-data/etfs/us/holdings-daily-us-en-spyv.xlsx;
JNJ;JOHNSON + JOHNSON;equity;sp500_value;State Street SPYV official daily holdings;TRUE;79425900;794259;1189468;478160104;2475833;-;USD;21/05/2026;https://www.ssga.com/library-content/products/fund-data/etfs/us/holdings-daily-us-en-spyv.xlsx;
QCOM;QUALCOMM INC;equity;sp500_value;State Street SPYV official daily holdings;TRUE;78956500;789565;1283944;747525103;2714923;-;USD;21/05/2026;https://www.ssga.com/library-content/products/fund-data/etfs/us/holdings-daily-us-en-spyv.xlsx;
CSCO;CISCO SYSTEMS INC;equity;sp500_value;State Street SPYV official daily holdings;TRUE;76111300;761113;2234623;17275R102;2198163;-;USD;21/05/2026;https://www.ssga.com/library-content/products/fund-data/etfs/us/holdings-daily-us-en-spyv.xlsx;
C;CITIGROUP INC;equity;sp500_value;State Street SPYV official daily holdings;TRUE;75908500;759085;2103729;172967424;2297907;-;USD;21/05/2026;https://www.ssga.com/library-content/products/fund-data/etfs/us/holdings-daily-us-en-spyv.xlsx;
ABBV;ABBVIE INC;equity;sp500_value;State Street SPYV official daily holdings;TRUE;71011800;710118;1148883;00287Y109;B92SR70;-;USD;21/05/2026;https://www.ssga.com/library-content/products/fund-data/etfs/us/holdings-daily-us-en-spyv.xlsx;
VZ;VERIZON COMMUNICATIONS INC;equity;sp500_value;State Street SPYV official daily holdings;TRUE;70613100;706131;5076690;92343V104;2090571;-;USD;21/05/2026;https://www.ssga.com/library-content/products/fund-data/etfs/us/holdings-daily-us-en-spyv.xlsx;
PEP;PEPSICO INC;equity;sp500_value;State Street SPYV official daily holdings;TRUE;70568700;705687;1645265;713448108;2681511;-;USD;21/05/2026;https://www.ssga.com/library-content/products/fund-data/etfs/us/holdings-daily-us-en-spyv.xlsx;
ADI;ANALOG DEVICES INC;equity;sp500_value;State Street SPYV official daily holdings;TRUE;65118400;651184;588177;032654105;2032067;-;USD;21/05/2026;https://www.ssga.com/library-content/products/fund-data/etfs/us/holdings-daily-us-en-spyv.xlsx;
NEE;NEXTERA ENERGY INC;equity;sp500_value;State Street SPYV official daily holdings;TRUE;64796200;647962;2507140;65339F101;2328915;-;USD;21/05/2026;https://www.ssga.com/library-content/products/fund-data/etfs/us/holdings-daily-us-en-spyv.xlsx;
DIS;WALT DISNEY CO/THE;equity;sp500_value;State Street SPYV official daily holdings;TRUE;63654400;636544;2132679;254687106;2270726;-;USD;21/05/2026;https://www.ssga.com/library-content/products/fund-data/etfs/us/holdings-daily-us-en-spyv.xlsx;
KO;COCA COLA CO/THE;equity;sp500_value;State Street SPYV official daily holdings;TRUE;63226700;632267;2703197;191216100;2206657;-;USD;21/05/2026;https://www.ssga.com/library-content/products/fund-data/etfs/us/holdings-daily-us-en-spyv.xlsx;
T;AT+T INC;equity;sp500_value;State Street SPYV official daily holdings;TRUE;61538700;615387;8427802;00206R102;2831811;-;USD;21/05/2026;https://www.ssga.com/library-content/products/fund-data/etfs/us/holdings-daily-us-en-spyv.xlsx;
TMO;THERMO FISHER SCIENTIFIC INC;equity;sp500_value;State Street SPYV official daily holdings;TRUE;58578000;585780;452380;883556102;2886907;-;USD;21/05/2026;https://www.ssga.com/library-content/products/fund-data/etfs/us/holdings-daily-us-en-spyv.xlsx;
CRM;SALESFORCE INC;equity;sp500_value;State Street SPYV official daily holdings;TRUE;57313000;573130;1128103;79466L302;2310525;-;USD;21/05/2026;https://www.ssga.com/library-content/products/fund-data/etfs/us/holdings-daily-us-en-spyv.xlsx;
WDC;WESTERN DIGITAL CORP;equity;sp500_value;State Street SPYV official daily holdings;TRUE;57203200;572032;408081;958102105;2954699;-;USD;21/05/2026;https://www.ssga.com/library-content/products/fund-data/etfs/us/holdings-daily-us-en-spyv.xlsx;
UNP;UNION PACIFIC CORP;equity;sp500_value;State Street SPYV official daily holdings;TRUE;54610000;546100;713968;907818108;2914734;-;USD;21/05/2026;https://www.ssga.com/library-content/products/fund-data/etfs/us/holdings-daily-us-en-spyv.xlsx;
ORCL;ORACLE CORP;equity;sp500_value;State Street SPYV official daily holdings;TRUE;53565700;535657;979563;68389X105;2661568;-;USD;21/05/2026;https://www.ssga.com/library-content/products/fund-data/etfs/us/holdings-daily-us-en-spyv.xlsx;
BLK;BLACKROCK INC;equity;sp500_value;State Street SPYV official daily holdings;TRUE;53210700;532107;173593;09290D101;BMZBBT7;-;USD;21/05/2026;https://www.ssga.com/library-content/products/fund-data/etfs/us/holdings-daily-us-en-spyv.xlsx;
ABT;ABBOTT LABORATORIES;equity;sp500_value;State Street SPYV official daily holdings;TRUE;52946100;529461;2093442;002824100;2002305;-;USD;21/05/2026;https://www.ssga.com/library-content/products/fund-data/etfs/us/holdings-daily-us-en-spyv.xlsx;
GE;GENERAL ELECTRIC;equity;sp500_value;State Street SPYV official daily holdings;TRUE;52678400;526784;605820;369604301;BL59CR9;-;USD;21/05/2026;https://www.ssga.com/library-content/products/fund-data/etfs/us/holdings-daily-us-en-spyv.xlsx;
SCHW;SCHWAB (CHARLES) CORP;equity;sp500_value;State Street SPYV official daily holdings;TRUE;52366400;523664;2010061;808513105;2779397;-;USD;21/05/2026;https://www.ssga.com/library-content/products/fund-data/etfs/us/holdings-daily-us-en-spyv.xlsx;
ETN;EATON CORP PLC;equity;sp500_value;State Street SPYV official daily holdings;TRUE;51385300;513853;467418;G29183103;B8KQN82;-;USD;21/05/2026;https://www.ssga.com/library-content/products/fund-data/etfs/us/holdings-daily-us-en-spyv.xlsx;
COP;CONOCOPHILLIPS;equity;sp500_value;State Street SPYV official daily holdings;TRUE;51214800;512148;1474353;20825C104;2685717;-;USD;21/05/2026;https://www.ssga.com/library-content/products/fund-data/etfs/us/holdings-daily-us-en-spyv.xlsx;
PFE;PFIZER INC;equity;sp500_value;State Street SPYV official daily holdings;TRUE;51161800;511618;6841976;717081103;2684703;-;USD;21/05/2026;https://www.ssga.com/library-content/products/fund-data/etfs/us/holdings-daily-us-en-spyv.xlsx;
HON;HONEYWELL INTERNATIONAL INC;equity;sp500_value;State Street SPYV official daily holdings;TRUE;49273300;492733;764054;438516106;2020459;-;USD;21/05/2026;https://www.ssga.com/library-content/products/fund-data/etfs/us/holdings-daily-us-en-spyv.xlsx;
PLD;PROLOGIS INC;equity;sp500_value;State Street SPYV official daily holdings;TRUE;46621900;466219;1118676;74340W103;B44WZD7;-;USD;21/05/2026;https://www.ssga.com/library-content/products/fund-data/etfs/us/holdings-daily-us-en-spyv.xlsx;
MA;MASTERCARD INC   A;equity;sp500_value;State Street SPYV official daily holdings;TRUE;46551700;465517;323347;57636Q104;B121557;-;USD;21/05/2026;https://www.ssga.com/library-content/products/fund-data/etfs/us/holdings-daily-us-en-spyv.xlsx;
DE;DEERE + CO;equity;sp500_value;State Street SPYV official daily holdings;TRUE;46466300;464663;303480;244199105;2261203;-;USD;21/05/2026;https://www.ssga.com/library-content/products/fund-data/etfs/us/holdings-daily-us-en-spyv.xlsx;
PM;PHILIP MORRIS INTERNATIONAL;equity;sp500_value;State Street SPYV official daily holdings;TRUE;44763100;447631;824279;718172109;B2PKRQ3;-;USD;21/05/2026;https://www.ssga.com/library-content/products/fund-data/etfs/us/holdings-daily-us-en-spyv.xlsx;
MO;ALTRIA GROUP INC;equity;sp500_value;State Street SPYV official daily holdings;TRUE;42910800;429108;2020288;02209S103;2692632;-;USD;21/05/2026;https://www.ssga.com/library-content/products/fund-data/etfs/us/holdings-daily-us-en-spyv.xlsx;
LOW;LOWE S COS INC;equity;sp500_value;State Street SPYV official daily holdings;TRUE;42289800;422898;675039;548661107;2536763;-;USD;21/05/2026;https://www.ssga.com/library-content/products/fund-data/etfs/us/holdings-daily-us-en-spyv.xlsx;
BMY;BRISTOL MYERS SQUIBB CO;equity;sp500_value;State Street SPYV official daily holdings;TRUE;42052800;420528;2450678;110122108;2126335;-;USD;21/05/2026;https://www.ssga.com/library-content/products/fund-data/etfs/us/holdings-daily-us-en-spyv.xlsx;
CB;CHUBB LTD;equity;sp500_value;State Street SPYV official daily holdings;TRUE;41649700;416497;437652;H1467J104;B3BQMF6;-;USD;21/05/2026;https://www.ssga.com/library-content/products/fund-data/etfs/us/holdings-daily-us-en-spyv.xlsx;
CVS;CVS HEALTH CORP;equity;sp500_value;State Street SPYV official daily holdings;TRUE;41172900;411729;1531122;126650100;2577609;-;USD;21/05/2026;https://www.ssga.com/library-content/products/fund-data/etfs/us/holdings-daily-us-en-spyv.xlsx;
SBUX;STARBUCKS CORP;equity;sp500_value;State Street SPYV official daily holdings;TRUE;41141100;411411;1371112;855244109;2842255;-;USD;21/05/2026;https://www.ssga.com/library-content/products/fund-data/etfs/us/holdings-daily-us-en-spyv.xlsx;
COF;CAPITAL ONE FINANCIAL CORP;equity;sp500_value;State Street SPYV official daily holdings;TRUE;40464400;404644;752306;14040H105;2654461;-;USD;21/05/2026;https://www.ssga.com/library-content/products/fund-data/etfs/us/holdings-daily-us-en-spyv.xlsx;
IBM;INTL BUSINESS MACHINES CORP;equity;sp500_value;State Street SPYV official daily holdings;TRUE;39356100;393561;539903;459200101;2005973;-;USD;21/05/2026;https://www.ssga.com/library-content/products/fund-data/etfs/us/holdings-daily-us-en-spyv.xlsx;
MCD;MCDONALD S CORP;equity;sp500_value;State Street SPYV official daily holdings;TRUE;39301400;393014;479940;580135101;2550707;-;USD;21/05/2026;https://www.ssga.com/library-content/products/fund-data/etfs/us/holdings-daily-us-en-spyv.xlsx;
VRTX;VERTEX PHARMACEUTICALS INC;equity;sp500_value;State Street SPYV official daily holdings;TRUE;38195200;381952;305740;92532F100;2931034;-;USD;21/05/2026;https://www.ssga.com/library-content/products/fund-data/etfs/us/holdings-daily-us-en-spyv.xlsx;
ACN;ACCENTURE PLC CL A;equity;sp500_value;State Street SPYV official daily holdings;TRUE;37955700;379557;740537;G1151C101;B4BNMY3;-;USD;21/05/2026;https://www.ssga.com/library-content/products/fund-data/etfs/us/holdings-daily-us-en-spyv.xlsx;
DHR;DANAHER CORP;equity;sp500_value;State Street SPYV official daily holdings;TRUE;37812900;378129;757075;235851102;2250870;-;USD;21/05/2026;https://www.ssga.com/library-content/products/fund-data/etfs/us/holdings-daily-us-en-spyv.xlsx;
EQIX;EQUINIX INC;equity;sp500_value;State Street SPYV official daily holdings;TRUE;36720700;367207;118167;29444U700;BVLZX12;-;USD;21/05/2026;https://www.ssga.com/library-content/products/fund-data/etfs/us/holdings-daily-us-en-spyv.xlsx;
LMT;LOCKHEED MARTIN CORP;equity;sp500_value;State Street SPYV official daily holdings;TRUE;36695000;366950;243586;539830109;2522096;-;USD;21/05/2026;https://www.ssga.com/library-content/products/fund-data/etfs/us/holdings-daily-us-en-spyv.xlsx;
GS;GOLDMAN SACHS GROUP INC;equity;sp500_value;State Street SPYV official daily holdings;TRUE;35988300;359883;126387;38141G104;2407966;-;USD;21/05/2026;https://www.ssga.com/library-content/products/fund-data/etfs/us/holdings-daily-us-en-spyv.xlsx;
SO;SOUTHERN CO/THE;equity;sp500_value;State Street SPYV official daily holdings;TRUE;35986200;359862;1325175;842587107;2829601;-;USD;21/05/2026;https://www.ssga.com/library-content/products/fund-data/etfs/us/holdings-daily-us-en-spyv.xlsx;
ADBE;ADOBE INC;equity;sp500_value;State Street SPYV official daily holdings;TRUE;34746000;347460;493981;00724F101;2008154;-;USD;21/05/2026;https://www.ssga.com/library-content/products/fund-data/etfs/us/holdings-daily-us-en-spyv.xlsx;
MDT;MEDTRONIC PLC;equity;sp500_value;State Street SPYV official daily holdings;TRUE;34744300;347443;1542865;G5960L103;BTN1Y11;-;USD;21/05/2026;https://www.ssga.com/library-content/products/fund-data/etfs/us/holdings-daily-us-en-spyv.xlsx;
DUK;DUKE ENERGY CORP;equity;sp500_value;State Street SPYV official daily holdings;TRUE;33620400;336204;935940;26441C204;B7VD3F2;-;USD;21/05/2026;https://www.ssga.com/library-content/products/fund-data/etfs/us/holdings-daily-us-en-spyv.xlsx;
BA;BOEING CO/THE;equity;sp500_value;State Street SPYV official daily holdings;TRUE;33506500;335065;529481;097023105;2108601;-;USD;21/05/2026;https://www.ssga.com/library-content/products/fund-data/etfs/us/holdings-daily-us-en-spyv.xlsx;
SNPS;SYNOPSYS INC;equity;sp500_value;State Street SPYV official daily holdings;TRUE;33419800;334198;230125;871607107;2867719;-;USD;21/05/2026;https://www.ssga.com/library-content/products/fund-data/etfs/us/holdings-daily-us-en-spyv.xlsx;
WMB;WILLIAMS COS INC;equity;sp500_value;State Street SPYV official daily holdings;TRUE;32845900;328459;1470414;969457100;2967181;-;USD;21/05/2026;https://www.ssga.com/library-content/products/fund-data/etfs/us/holdings-daily-us-en-spyv.xlsx;
MS;MORGAN STANLEY;equity;sp500_value;State Street SPYV official daily holdings;TRUE;32619600;326196;564567;617446448;2262314;-;USD;21/05/2026;https://www.ssga.com/library-content/products/fund-data/etfs/us/holdings-daily-us-en-spyv.xlsx;
MCK;MCKESSON CORP;equity;sp500_value;State Street SPYV official daily holdings;TRUE;32563900;325639;147434;58155Q103;2378534;-;USD;21/05/2026;https://www.ssga.com/library-content/products/fund-data/etfs/us/holdings-daily-us-en-spyv.xlsx;
TMUS;T MOBILE US INC;equity;sp500_value;State Street SPYV official daily holdings;TRUE;31369100;313691;570255;872590104;B94Q9V0;-;USD;21/05/2026;https://www.ssga.com/library-content/products/fund-data/etfs/us/holdings-daily-us-en-spyv.xlsx;
CMCSA;COMCAST CORP CLASS A;equity;sp500_value;State Street SPYV official daily holdings;TRUE;31209400;312094;4318474;20030N101;2044545;-;USD;21/05/2026;https://www.ssga.com/library-content/products/fund-data/etfs/us/holdings-daily-us-en-spyv.xlsx;
PANW;PALO ALTO NETWORKS INC;equity;sp500_value;State Street SPYV official daily holdings;TRUE;31169200;311692;427676;697435105;B87ZMX0;-;USD;21/05/2026;https://www.ssga.com/library-content/products/fund-data/etfs/us/holdings-daily-us-en-spyv.xlsx;
FCX;FREEPORT MCMORAN INC;equity;sp500_value;State Street SPYV official daily holdings;TRUE;31040900;310409;1728817;35671D857;2352118;-;USD;21/05/2026;https://www.ssga.com/library-content/products/fund-data/etfs/us/holdings-daily-us-en-spyv.xlsx;
BX;BLACKSTONE INC;equity;sp500_value;State Street SPYV official daily holdings;TRUE;30773300;307733;900684;09260D107;BKF2SL7;-;USD;21/05/2026;https://www.ssga.com/library-content/products/fund-data/etfs/us/holdings-daily-us-en-spyv.xlsx;
ADP;AUTOMATIC DATA PROCESSING;equity;sp500_value;State Street SPYV official daily holdings;TRUE;30721400;307214;484444;053015103;2065308;-;USD;21/05/2026;https://www.ssga.com/library-content/products/fund-data/etfs/us/holdings-daily-us-en-spyv.xlsx;
PNC;PNC FINANCIAL SERVICES GROUP;equity;sp500_value;State Street SPYV official daily holdings;TRUE;30571100;305711;485837;693475105;2692665;-;USD;21/05/2026;https://www.ssga.com/library-content/products/fund-data/etfs/us/holdings-daily-us-en-spyv.xlsx;
ICE;INTERCONTINENTAL EXCHANGE IN;equity;sp500_value;State Street SPYV official daily holdings;TRUE;29838500;298385;683544;45866F104;BFSSDS9;-;USD;21/05/2026;https://www.ssga.com/library-content/products/fund-data/etfs/us/holdings-daily-us-en-spyv.xlsx;
AMT;AMERICAN TOWER CORP;equity;sp500_value;State Street SPYV official daily holdings;TRUE;29820600;298206;563108;03027X100;B7FBFL2;-;USD;21/05/2026;https://www.ssga.com/library-content/products/fund-data/etfs/us/holdings-daily-us-en-spyv.xlsx;
ELV;ELEVANCE HEALTH INC;equity;sp500_value;State Street SPYV official daily holdings;TRUE;29819600;298196;265467;036752103;BSPHGL4;-;USD;21/05/2026;https://www.ssga.com/library-content/products/fund-data/etfs/us/holdings-daily-us-en-spyv.xlsx;
SLB;SLB LTD;equity;sp500_value;State Street SPYV official daily holdings;TRUE;29674700;296747;1798804;806857108;2779201;-;USD;21/05/2026;https://www.ssga.com/library-content/products/fund-data/etfs/us/holdings-daily-us-en-spyv.xlsx;
CSX;CSX CORP;equity;sp500_value;State Street SPYV official daily holdings;TRUE;29615500;296155;2239128;126408103;2160753;-;USD;21/05/2026;https://www.ssga.com/library-content/products/fund-data/etfs/us/holdings-daily-us-en-spyv.xlsx;
USB;US BANCORP;equity;sp500_value;State Street SPYV official daily holdings;TRUE;29398900;293989;1869946;902973304;2736035;-;USD;21/05/2026;https://www.ssga.com/library-content/products/fund-data/etfs/us/holdings-daily-us-en-spyv.xlsx;
FDX;FEDEX CORP;equity;sp500_value;State Street SPYV official daily holdings;TRUE;29161400;291614;260215;31428X106;2142784;-;USD;21/05/2026;https://www.ssga.com/library-content/products/fund-data/etfs/us/holdings-daily-us-en-spyv.xlsx;
WM;WASTE MANAGEMENT INC;equity;sp500_value;State Street SPYV official daily holdings;TRUE;28007600;280076;446365;94106L109;2937667;-;USD;21/05/2026;https://www.ssga.com/library-content/products/fund-data/etfs/us/holdings-daily-us-en-spyv.xlsx;
MRSH;MARSH + MCLENNAN COS;equity;sp500_value;State Street SPYV official daily holdings;TRUE;27710400;277104;582393;571748102;2567741;-;USD;21/05/2026;https://www.ssga.com/library-content/products/fund-data/etfs/us/holdings-daily-us-en-spyv.xlsx;
MMM;3M CO;equity;sp500_value;State Street SPYV official daily holdings;TRUE;27532700;275327;633524;88579Y101;2595708;-;USD;21/05/2026;https://www.ssga.com/library-content/products/fund-data/etfs/us/holdings-daily-us-en-spyv.xlsx;
MDLZ;MONDELEZ INTERNATIONAL INC A;equity;sp500_value;State Street SPYV official daily holdings;TRUE;27328400;273284;1542096;609207105;B8CKK03;-;USD;21/05/2026;https://www.ssga.com/library-content/products/fund-data/etfs/us/holdings-daily-us-en-spyv.xlsx;
TJX;TJX COMPANIES INC;equity;sp500_value;State Street SPYV official daily holdings;TRUE;27279500;272795;601227;872540109;2989301;-;USD;21/05/2026;https://www.ssga.com/library-content/products/fund-data/etfs/us/holdings-daily-us-en-spyv.xlsx;
EOG;EOG RESOURCES INC;equity;sp500_value;State Street SPYV official daily holdings;TRUE;26327900;263279;652715;26875P101;2318024;-;USD;21/05/2026;https://www.ssga.com/library-content/products/fund-data/etfs/us/holdings-daily-us-en-spyv.xlsx;
EMR;EMERSON ELECTRIC CO;equity;sp500_value;State Street SPYV official daily holdings;TRUE;26279700;262797;676054;291011104;2313405;-;USD;21/05/2026;https://www.ssga.com/library-content/products/fund-data/etfs/us/holdings-daily-us-en-spyv.xlsx;
NXPI;NXP SEMICONDUCTORS NV;equity;sp500_value;State Street SPYV official daily holdings;TRUE;26137100;261371;302976;N6596X109;B505PN7;-;USD;21/05/2026;https://www.ssga.com/library-content/products/fund-data/etfs/us/holdings-daily-us-en-spyv.xlsx;
DELL;DELL TECHNOLOGIES  C;equity;sp500_value;State Street SPYV official daily holdings;TRUE;26043000;260430;357509;24703L202;BHKD3S6;-;USD;21/05/2026;https://www.ssga.com/library-content/products/fund-data/etfs/us/holdings-daily-us-en-spyv.xlsx;
GILD;GILEAD SCIENCES INC;equity;sp500_value;State Street SPYV official daily holdings;TRUE;25817000;258170;686543;375558103;2369174;-;USD;21/05/2026;https://www.ssga.com/library-content/products/fund-data/etfs/us/holdings-daily-us-en-spyv.xlsx;
CI;THE CIGNA GROUP;equity;sp500_value;State Street SPYV official daily holdings;TRUE;25762200;257622;317012;125523100;BHJ0775;-;USD;21/05/2026;https://www.ssga.com/library-content/products/fund-data/etfs/us/holdings-daily-us-en-spyv.xlsx;
NOC;NORTHROP GRUMMAN CORP;equity;sp500_value;State Street SPYV official daily holdings;TRUE;25531300;255313;160634;666807102;2648806;-;USD;21/05/2026;https://www.ssga.com/library-content/products/fund-data/etfs/us/holdings-daily-us-en-spyv.xlsx;
VLO;VALERO ENERGY CORP;equity;sp500_value;State Street SPYV official daily holdings;TRUE;25489300;254893;366903;91913Y100;2041364;-;USD;21/05/2026;https://www.ssga.com/library-content/products/fund-data/etfs/us/holdings-daily-us-en-spyv.xlsx;
MPC;MARATHON PETROLEUM CORP;equity;sp500_value;State Street SPYV official daily holdings;TRUE;25404600;254046;354880;56585A102;B3K3L40;-;USD;21/05/2026;https://www.ssga.com/library-content/products/fund-data/etfs/us/holdings-daily-us-en-spyv.xlsx;
CL;COLGATE PALMOLIVE CO;equity;sp500_value;State Street SPYV official daily holdings;TRUE;25273200;252732;969777;194162103;2209106;-;USD;21/05/2026;https://www.ssga.com/library-content/products/fund-data/etfs/us/holdings-daily-us-en-spyv.xlsx;
UPS;UNITED PARCEL SERVICE CL B;equity;sp500_value;State Street SPYV official daily holdings;TRUE;25170700;251707;889070;911312106;2517382;-;USD;21/05/2026;https://www.ssga.com/library-content/products/fund-data/etfs/us/holdings-daily-us-en-spyv.xlsx;
SPGI;S+P GLOBAL INC;equity;sp500_value;State Street SPYV official daily holdings;TRUE;24694500;246945;206140;78409V104;BYV2325;-;USD;21/05/2026;https://www.ssga.com/library-content/products/fund-data/etfs/us/holdings-daily-us-en-spyv.xlsx;
SHW;SHERWIN WILLIAMS CO/THE;equity;sp500_value;State Street SPYV official daily holdings;TRUE;24653000;246530;277288;824348106;2804211;-;USD;21/05/2026;https://www.ssga.com/library-content/products/fund-data/etfs/us/holdings-daily-us-en-spyv.xlsx;
PSX;PHILLIPS 66;equity;sp500_value;State Street SPYV official daily holdings;TRUE;24306300;243063;484638;718546104;B78C4Y8;-;USD;21/05/2026;https://www.ssga.com/library-content/products/fund-data/etfs/us/holdings-daily-us-en-spyv.xlsx;
AEP;AMERICAN ELECTRIC POWER;equity;sp500_value;State Street SPYV official daily holdings;TRUE;24301700;243017;650685;025537101;2026242;-;USD;21/05/2026;https://www.ssga.com/library-content/products/fund-data/etfs/us/holdings-daily-us-en-spyv.xlsx;
NSC;NORFOLK SOUTHERN CORP;equity;sp500_value;State Street SPYV official daily holdings;TRUE;24253600;242536;270256;655844108;2641894;-;USD;21/05/2026;https://www.ssga.com/library-content/products/fund-data/etfs/us/holdings-daily-us-en-spyv.xlsx;
GM;GENERAL MOTORS CO;equity;sp500_value;State Street SPYV official daily holdings;TRUE;24195300;241953;1087501;37045V100;B665KZ5;-;USD;21/05/2026;https://www.ssga.com/library-content/products/fund-data/etfs/us/holdings-daily-us-en-spyv.xlsx;
AON;AON PLC CLASS A;equity;sp500_value;State Street SPYV official daily holdings;TRUE;24129500;241295;258274;G0403H108;BLP1HW5;-;USD;21/05/2026;https://www.ssga.com/library-content/products/fund-data/etfs/us/holdings-daily-us-en-spyv.xlsx;
CRH;CRH PLC;equity;sp500_value;State Street SPYV official daily holdings;TRUE;23475900;234759;806389;G25508105;B01ZKD6;-;USD;21/05/2026;https://www.ssga.com/library-content/products/fund-data/etfs/us/holdings-daily-us-en-spyv.xlsx;
WBD;WARNER BROS DISCOVERY INC;equity;sp500_value;State Street SPYV official daily holdings;TRUE;23283800;232838;2981658;934423104;BM8JYX3;-;USD;21/05/2026;https://www.ssga.com/library-content/products/fund-data/etfs/us/holdings-daily-us-en-spyv.xlsx;
TRV;TRAVELERS COS INC/THE;equity;sp500_value;State Street SPYV official daily holdings;TRUE;23036000;230360;260205;89417E109;2769503;-;USD;21/05/2026;https://www.ssga.com/library-content/products/fund-data/etfs/us/holdings-daily-us-en-spyv.xlsx;
MSI;MOTOROLA SOLUTIONS INC;equity;sp500_value;State Street SPYV official daily holdings;TRUE;23003200;230032;199453;620076307;B5BKPQ4;-;USD;21/05/2026;https://www.ssga.com/library-content/products/fund-data/etfs/us/holdings-daily-us-en-spyv.xlsx;
KMI;KINDER MORGAN INC;equity;sp500_value;State Street SPYV official daily holdings;TRUE;22736600;227366;2355343;49456B101;B3NQ4P8;-;USD;21/05/2026;https://www.ssga.com/library-content/products/fund-data/etfs/us/holdings-daily-us-en-spyv.xlsx;
ITW;ILLINOIS TOOL WORKS;equity;sp500_value;State Street SPYV official daily holdings;TRUE;22729300;227293;315602;452308109;2457552;-;USD;21/05/2026;https://www.ssga.com/library-content/products/fund-data/etfs/us/holdings-daily-us-en-spyv.xlsx;
BKR;BAKER HUGHES CO;equity;sp500_value;State Street SPYV official daily holdings;TRUE;22543300;225433;1188952;05722G100;BDHLTQ5;-;USD;21/05/2026;https://www.ssga.com/library-content/products/fund-data/etfs/us/holdings-daily-us-en-spyv.xlsx;
REGN;REGENERON PHARMACEUTICALS;equity;sp500_value;State Street SPYV official daily holdings;TRUE;22470300;224703;121352;75886F107;2730190;-;USD;21/05/2026;https://www.ssga.com/library-content/products/fund-data/etfs/us/holdings-daily-us-en-spyv.xlsx;
APD;AIR PRODUCTS + CHEMICALS INC;equity;sp500_value;State Street SPYV official daily holdings;TRUE;22391300;223913;267775;009158106;2011602;-;USD;21/05/2026;https://www.ssga.com/library-content/products/fund-data/etfs/us/holdings-daily-us-en-spyv.xlsx;
ECL;ECOLAB INC;equity;sp500_value;State Street SPYV official daily holdings;TRUE;22111100;221111;306712;278865100;2304227;-;USD;21/05/2026;https://www.ssga.com/library-content/products/fund-data/etfs/us/holdings-daily-us-en-spyv.xlsx;
STX;SEAGATE TECHNOLOGY HOLDINGS;equity;sp500_value;State Street SPYV official daily holdings;TRUE;22039500;220395;94372;G7997R103;BKVD2N4;-;USD;21/05/2026;https://www.ssga.com/library-content/products/fund-data/etfs/us/holdings-daily-us-en-spyv.xlsx;
DLR;DIGITAL REALTY TRUST INC;equity;sp500_value;State Street SPYV official daily holdings;TRUE;21750600;217506;388543;253868103;B03GQS4;-;USD;21/05/2026;https://www.ssga.com/library-content/products/fund-data/etfs/us/holdings-daily-us-en-spyv.xlsx;
SYK;STRYKER CORP;equity;sp500_value;State Street SPYV official daily holdings;TRUE;21709900;217099;240322;863667101;2853688;-;USD;21/05/2026;https://www.ssga.com/library-content/products/fund-data/etfs/us/holdings-daily-us-en-spyv.xlsx;
TFC;TRUIST FINANCIAL CORP;equity;sp500_value;State Street SPYV official daily holdings;TRUE;20960700;209607;1518916;89832Q109;BKP7287;-;USD;21/05/2026;https://www.ssga.com/library-content/products/fund-data/etfs/us/holdings-daily-us-en-spyv.xlsx;
SRE;SEMPRA;equity;sp500_value;State Street SPYV official daily holdings;TRUE;20716500;207165;785293;816851109;2138158;-;USD;21/05/2026;https://www.ssga.com/library-content/products/fund-data/etfs/us/holdings-daily-us-en-spyv.xlsx;
CTAS;CINTAS CORP;equity;sp500_value;State Street SPYV official daily holdings;TRUE;20334400;203344;409418;172908105;2197137;-;USD;21/05/2026;https://www.ssga.com/library-content/products/fund-data/etfs/us/holdings-daily-us-en-spyv.xlsx;
D;DOMINION ENERGY INC;equity;sp500_value;State Street SPYV official daily holdings;TRUE;20205700;202057;1026808;25746U109;2542049;-;USD;21/05/2026;https://www.ssga.com/library-content/products/fund-data/etfs/us/holdings-daily-us-en-spyv.xlsx;
OKE;ONEOK INC;equity;sp500_value;State Street SPYV official daily holdings;TRUE;20191100;201911;756535;682680103;2130109;-;USD;21/05/2026;https://www.ssga.com/library-content/products/fund-data/etfs/us/holdings-daily-us-en-spyv.xlsx;
AMGN;AMGEN INC;equity;sp500_value;State Street SPYV official daily holdings;TRUE;20154200;201542;207285;031162100;2023607;-;USD;21/05/2026;https://www.ssga.com/library-content/products/fund-data/etfs/us/holdings-daily-us-en-spyv.xlsx;
TRGP;TARGA RESOURCES CORP;equity;sp500_value;State Street SPYV official daily holdings;TRUE;20118900;201189;258361;87612G101;B55PZY3;-;USD;21/05/2026;https://www.ssga.com/library-content/products/fund-data/etfs/us/holdings-daily-us-en-spyv.xlsx;
KEYS;KEYSIGHT TECHNOLOGIES IN;equity;sp500_value;State Street SPYV official daily holdings;TRUE;20089800;200898;206543;49338L103;BQZJ0Q9;-;USD;21/05/2026;https://www.ssga.com/library-content/products/fund-data/etfs/us/holdings-daily-us-en-spyv.xlsx;
PCAR;PACCAR INC;equity;sp500_value;State Street SPYV official daily holdings;TRUE;19913600;199136;632040;693718108;2665861;-;USD;21/05/2026;https://www.ssga.com/library-content/products/fund-data/etfs/us/holdings-daily-us-en-spyv.xlsx;
O;REALTY INCOME CORP;equity;sp500_value;State Street SPYV official daily holdings;TRUE;19847300;198473;1106813;756109104;2724193;-;USD;21/05/2026;https://www.ssga.com/library-content/products/fund-data/etfs/us/holdings-daily-us-en-spyv.xlsx;
LHX;L3HARRIS TECHNOLOGIES INC;equity;sp500_value;State Street SPYV official daily holdings;TRUE;19841300;198413;224778;502431109;BK9DTN5;-;USD;21/05/2026;https://www.ssga.com/library-content/products/fund-data/etfs/us/holdings-daily-us-en-spyv.xlsx;
TGT;TARGET CORP;equity;sp500_value;State Street SPYV official daily holdings;TRUE;19805000;198050;544829;87612E106;2259101;-;USD;21/05/2026;https://www.ssga.com/library-content/products/fund-data/etfs/us/holdings-daily-us-en-spyv.xlsx;
ALL;ALLSTATE CORP;equity;sp500_value;State Street SPYV official daily holdings;TRUE;19372100;193721;313505;020002101;2019952;-;USD;21/05/2026;https://www.ssga.com/library-content/products/fund-data/etfs/us/holdings-daily-us-en-spyv.xlsx;
AFL;AFLAC INC;equity;sp500_value;State Street SPYV official daily holdings;TRUE;19066600;190666;561649;001055102;2026361;-;USD;21/05/2026;https://www.ssga.com/library-content/products/fund-data/etfs/us/holdings-daily-us-en-spyv.xlsx;
GWW;WW GRAINGER INC;equity;sp500_value;State Street SPYV official daily holdings;TRUE;18838100;188381;52753;384802104;2380863;-;USD;21/05/2026;https://www.ssga.com/library-content/products/fund-data/etfs/us/holdings-daily-us-en-spyv.xlsx;
DVN;DEVON ENERGY CORP;equity;sp500_value;State Street SPYV official daily holdings;TRUE;18815000;188150;1386002;25179M103;2480677;-;USD;21/05/2026;https://www.ssga.com/library-content/products/fund-data/etfs/us/holdings-daily-us-en-spyv.xlsx;
F;FORD MOTOR CO;equity;sp500_value;State Street SPYV official daily holdings;TRUE;18581900;185819;4717318;345370860;2615468;-;USD;21/05/2026;https://www.ssga.com/library-content/products/fund-data/etfs/us/holdings-daily-us-en-spyv.xlsx;
AJG;ARTHUR J GALLAGHER + CO;equity;sp500_value;State Street SPYV official daily holdings;TRUE;18478000;184780;309171;363576109;2359506;-;USD;21/05/2026;https://www.ssga.com/library-content/products/fund-data/etfs/us/holdings-daily-us-en-spyv.xlsx;
CTVA;CORTEVA INC;equity;sp500_value;State Street SPYV official daily holdings;TRUE;18450700;184507;810102;22052L104;BK73B42;-;USD;21/05/2026;https://www.ssga.com/library-content/products/fund-data/etfs/us/holdings-daily-us-en-spyv.xlsx;
AXP;AMERICAN EXPRESS CO;equity;sp500_value;State Street SPYV official daily holdings;TRUE;18387200;183872;206038;025816109;2026082;-;USD;21/05/2026;https://www.ssga.com/library-content/products/fund-data/etfs/us/holdings-daily-us-en-spyv.xlsx;
NKE;NIKE INC  CL B;equity;sp500_value;State Street SPYV official daily holdings;TRUE;18336600;183366;1433527;654106103;2640147;-;USD;21/05/2026;https://www.ssga.com/library-content/products/fund-data/etfs/us/holdings-daily-us-en-spyv.xlsx;
NUE;NUCOR CORP;equity;sp500_value;State Street SPYV official daily holdings;TRUE;17958000;179580;275219;670346105;2651086;-;USD;21/05/2026;https://www.ssga.com/library-content/products/fund-data/etfs/us/holdings-daily-us-en-spyv.xlsx;
COR;CENCORA INC;equity;sp500_value;State Street SPYV official daily holdings;TRUE;17893200;178932;233934;03073E105;2795393;-;USD;21/05/2026;https://www.ssga.com/library-content/products/fund-data/etfs/us/holdings-daily-us-en-spyv.xlsx;
AME;AMETEK INC;equity;sp500_value;State Street SPYV official daily holdings;TRUE;17798100;177981;276764;031100100;2089212;-;USD;21/05/2026;https://www.ssga.com/library-content/products/fund-data/etfs/us/holdings-daily-us-en-spyv.xlsx;
PGR;PROGRESSIVE CORP;equity;sp500_value;State Street SPYV official daily holdings;TRUE;17777200;177772;310062;743315103;2705024;-;USD;21/05/2026;https://www.ssga.com/library-content/products/fund-data/etfs/us/holdings-daily-us-en-spyv.xlsx;
ETR;ENTERGY CORP;equity;sp500_value;State Street SPYV official daily holdings;TRUE;17610100;176101;544340;29364G103;2317087;-;USD;21/05/2026;https://www.ssga.com/library-content/products/fund-data/etfs/us/holdings-daily-us-en-spyv.xlsx;
FAST;FASTENAL CO;equity;sp500_value;State Street SPYV official daily holdings;TRUE;17318000;173180;1380646;311900104;2332262;-;USD;21/05/2026;https://www.ssga.com/library-content/products/fund-data/etfs/us/holdings-daily-us-en-spyv.xlsx;
DAL;DELTA AIR LINES INC;equity;sp500_value;State Street SPYV official daily holdings;TRUE;17045200;170452;781928;247361702;B1W9D46;-;USD;21/05/2026;https://www.ssga.com/library-content/products/fund-data/etfs/us/holdings-daily-us-en-spyv.xlsx;
MCHP;MICROCHIP TECHNOLOGY INC;equity;sp500_value;State Street SPYV official daily holdings;TRUE;17002200;170022;650859;595017104;2592174;-;USD;21/05/2026;https://www.ssga.com/library-content/products/fund-data/etfs/us/holdings-daily-us-en-spyv.xlsx;
CARR;CARRIER GLOBAL CORP;equity;sp500_value;State Street SPYV official daily holdings;TRUE;16977700;169777;947550;14448C104;BK4N0D7;-;USD;21/05/2026;https://www.ssga.com/library-content/products/fund-data/etfs/us/holdings-daily-us-en-spyv.xlsx;
PSA;PUBLIC STORAGE;equity;sp500_value;State Street SPYV official daily holdings;TRUE;16701600;167016;190040;74460D109;2852533;-;USD;21/05/2026;https://www.ssga.com/library-content/products/fund-data/etfs/us/holdings-daily-us-en-spyv.xlsx;
PH;PARKER HANNIFIN CORP;equity;sp500_value;State Street SPYV official daily holdings;TRUE;16649000;166490;66816;701094104;2671501;-;USD;21/05/2026;https://www.ssga.com/library-content/products/fund-data/etfs/us/holdings-daily-us-en-spyv.xlsx;
XEL;XCEL ENERGY INC;equity;sp500_value;State Street SPYV official daily holdings;TRUE;16437600;164376;711276;98389B100;2614807;-;USD;21/05/2026;https://www.ssga.com/library-content/products/fund-data/etfs/us/holdings-daily-us-en-spyv.xlsx;
CAH;CARDINAL HEALTH INC;equity;sp500_value;State Street SPYV official daily holdings;TRUE;16378500;163785;283331;14149Y108;2175672;-;USD;21/05/2026;https://www.ssga.com/library-content/products/fund-data/etfs/us/holdings-daily-us-en-spyv.xlsx;
TT;TRANE TECHNOLOGIES PLC;equity;sp500_value;State Street SPYV official daily holdings;TRUE;16137900;161379;125110;G8994E103;BK9ZQ96;-;USD;21/05/2026;https://www.ssga.com/library-content/products/fund-data/etfs/us/holdings-daily-us-en-spyv.xlsx;
MET;METLIFE INC;equity;sp500_value;State Street SPYV official daily holdings;TRUE;16118200;161182;663530;59156R108;2573209;-;USD;21/05/2026;https://www.ssga.com/library-content/products/fund-data/etfs/us/holdings-daily-us-en-spyv.xlsx;
EXC;EXELON CORP;equity;sp500_value;State Street SPYV official daily holdings;TRUE;16092700;160927;1231471;30161N101;2670519;-;USD;21/05/2026;https://www.ssga.com/library-content/products/fund-data/etfs/us/holdings-daily-us-en-spyv.xlsx;
GLW;CORNING INC;equity;sp500_value;State Street SPYV official daily holdings;TRUE;16090700;160907;291002;219350105;2224701;-;USD;21/05/2026;https://www.ssga.com/library-content/products/fund-data/etfs/us/holdings-daily-us-en-spyv.xlsx;
CME;CME GROUP INC;equity;sp500_value;State Street SPYV official daily holdings;TRUE;15910500;159105;190864;12572Q105;2965839;-;USD;21/05/2026;https://www.ssga.com/library-content/products/fund-data/etfs/us/holdings-daily-us-en-spyv.xlsx;
HPE;HEWLETT PACKARD ENTERPRISE;equity;sp500_value;State Street SPYV official daily holdings;TRUE;15668500;156685;1600681;42824C109;BYVYWS0;-;USD;21/05/2026;https://www.ssga.com/library-content/products/fund-data/etfs/us/holdings-daily-us-en-spyv.xlsx;
FITB;FIFTH THIRD BANCORP;equity;sp500_value;State Street SPYV official daily holdings;TRUE;15350400;153504;1083626;316773100;2336747;-;USD;21/05/2026;https://www.ssga.com/library-content/products/fund-data/etfs/us/holdings-daily-us-en-spyv.xlsx;
WAB;WABTEC CORP;equity;sp500_value;State Street SPYV official daily holdings;TRUE;15056200;150562;205023;929740108;2955733;-;USD;21/05/2026;https://www.ssga.com/library-content/products/fund-data/etfs/us/holdings-daily-us-en-spyv.xlsx;
ON;ON SEMICONDUCTOR;equity;sp500_value;State Street SPYV official daily holdings;TRUE;14988100;149881;474535;682189105;2583576;-;USD;21/05/2026;https://www.ssga.com/library-content/products/fund-data/etfs/us/holdings-daily-us-en-spyv.xlsx;
COIN;COINBASE GLOBAL INC  CLASS A;equity;sp500_value;State Street SPYV official daily holdings;TRUE;14970500;149705;268407;19260Q107;BMC9P69;-;USD;21/05/2026;https://www.ssga.com/library-content/products/fund-data/etfs/us/holdings-daily-us-en-spyv.xlsx;
STT;STATE STREET CORP;equity;sp500_value;State Street SPYV official daily holdings;TRUE;14870300;148703;335775;857477103;2842040;-;USD;21/05/2026;https://www.ssga.com/library-content/products/fund-data/etfs/us/holdings-daily-us-en-spyv.xlsx;
CMG;CHIPOTLE MEXICAN GRILL INC;equity;sp500_value;State Street SPYV official daily holdings;TRUE;14819400;148194;1567938;169656105;B0X7DZ3;-;USD;21/05/2026;https://www.ssga.com/library-content/products/fund-data/etfs/us/holdings-daily-us-en-spyv.xlsx;
OXY;OCCIDENTAL PETROLEUM CORP;equity;sp500_value;State Street SPYV official daily holdings;TRUE;14662400;146624;864925;674599105;2655408;-;USD;21/05/2026;https://www.ssga.com/library-content/products/fund-data/etfs/us/holdings-daily-us-en-spyv.xlsx;
AIG;AMERICAN INTERNATIONAL GROUP;equity;sp500_value;State Street SPYV official daily holdings;TRUE;14652500;146525;646774;026874784;2027342;-;USD;21/05/2026;https://www.ssga.com/library-content/products/fund-data/etfs/us/holdings-daily-us-en-spyv.xlsx;
RSG;REPUBLIC SERVICES INC;equity;sp500_value;State Street SPYV official daily holdings;TRUE;14506900;145069;241934;760759100;2262530;-;USD;21/05/2026;https://www.ssga.com/library-content/products/fund-data/etfs/us/holdings-daily-us-en-spyv.xlsx;
BDX;BECTON DICKINSON AND CO;equity;sp500_value;State Street SPYV official daily holdings;TRUE;14476200;144762;343505;075887109;2087807;-;USD;21/05/2026;https://www.ssga.com/library-content/products/fund-data/etfs/us/holdings-daily-us-en-spyv.xlsx;
AMP;AMERIPRISE FINANCIAL INC;equity;sp500_value;State Street SPYV official daily holdings;TRUE;14283200;142832;110011;03076C106;B0J7D57;-;USD;21/05/2026;https://www.ssga.com/library-content/products/fund-data/etfs/us/holdings-daily-us-en-spyv.xlsx;
PYPL;PAYPAL HOLDINGS INC;equity;sp500_value;State Street SPYV official daily holdings;TRUE;14148900;141489;1108388;70450Y103;BYW36M8;-;USD;21/05/2026;https://www.ssga.com/library-content/products/fund-data/etfs/us/holdings-daily-us-en-spyv.xlsx;
NOW;SERVICENOW INC;equity;sp500_value;State Street SPYV official daily holdings;TRUE;14116500;141165;491415;81762P102;B80NXX8;-;USD;21/05/2026;https://www.ssga.com/library-content/products/fund-data/etfs/us/holdings-daily-us-en-spyv.xlsx;
NDAQ;NASDAQ INC;equity;sp500_value;State Street SPYV official daily holdings;TRUE;14085600;140856;540671;631103108;2965107;-;USD;21/05/2026;https://www.ssga.com/library-content/products/fund-data/etfs/us/holdings-daily-us-en-spyv.xlsx;
GD;GENERAL DYNAMICS CORP;equity;sp500_value;State Street SPYV official daily holdings;TRUE;14029400;140294;143742;369550108;2365161;-;USD;21/05/2026;https://www.ssga.com/library-content/products/fund-data/etfs/us/holdings-daily-us-en-spyv.xlsx;
CCI;CROWN CASTLE INC;equity;sp500_value;State Street SPYV official daily holdings;TRUE;13900400;139004;524110;22822V101;BTGQCX1;-;USD;21/05/2026;https://www.ssga.com/library-content/products/fund-data/etfs/us/holdings-daily-us-en-spyv.xlsx;
SPG;SIMON PROPERTY GROUP INC;equity;sp500_value;State Street SPYV official daily holdings;TRUE;13634100;136341;230918;828806109;2812452;-;USD;21/05/2026;https://www.ssga.com/library-content/products/fund-data/etfs/us/holdings-daily-us-en-spyv.xlsx;
GRMN;GARMIN LTD;equity;sp500_value;State Street SPYV official daily holdings;TRUE;13581900;135819;196572;H2906T109;B3Z5T14;-;USD;21/05/2026;https://www.ssga.com/library-content/products/fund-data/etfs/us/holdings-daily-us-en-spyv.xlsx;
PEG;PUBLIC SERVICE ENTERPRISE GP;equity;sp500_value;State Street SPYV official daily holdings;TRUE;13576000;135760;600324;744573106;2707677;-;USD;21/05/2026;https://www.ssga.com/library-content/products/fund-data/etfs/us/holdings-daily-us-en-spyv.xlsx;
KDP;KEURIG DR PEPPER INC;equity;sp500_value;State Street SPYV official daily holdings;TRUE;13551000;135510;1634005;49271V100;BD3W133;-;USD;21/05/2026;https://www.ssga.com/library-content/products/fund-data/etfs/us/holdings-daily-us-en-spyv.xlsx;
KR;KROGER CO;equity;sp500_value;State Street SPYV official daily holdings;TRUE;13546500;135465;700924;501044101;2497406;-;USD;21/05/2026;https://www.ssga.com/library-content/products/fund-data/etfs/us/holdings-daily-us-en-spyv.xlsx;
FANG;DIAMONDBACK ENERGY INC;equity;sp500_value;State Street SPYV official daily holdings;TRUE;13512800;135128;233338;25278X109;B7Y8YR3;-;USD;21/05/2026;https://www.ssga.com/library-content/products/fund-data/etfs/us/holdings-daily-us-en-spyv.xlsx;
DHI;DR HORTON INC;equity;sp500_value;State Street SPYV official daily holdings;TRUE;13476900;134769;324473;23331A109;2250687;-;USD;21/05/2026;https://www.ssga.com/library-content/products/fund-data/etfs/us/holdings-daily-us-en-spyv.xlsx;
ED;CONSOLIDATED EDISON INC;equity;sp500_value;State Street SPYV official daily holdings;TRUE;13433600;134336;434070;209115104;2216850;-;USD;21/05/2026;https://www.ssga.com/library-content/products/fund-data/etfs/us/holdings-daily-us-en-spyv.xlsx;
ODFL;OLD DOMINION FREIGHT LINE;equity;sp500_value;State Street SPYV official daily holdings;TRUE;13239600;132396;221224;679580100;2656423;-;USD;21/05/2026;https://www.ssga.com/library-content/products/fund-data/etfs/us/holdings-daily-us-en-spyv.xlsx;
CBRE;CBRE GROUP INC   A;equity;sp500_value;State Street SPYV official daily holdings;TRUE;13212700;132127;349913;12504L109;B6WVMH3;-;USD;21/05/2026;https://www.ssga.com/library-content/products/fund-data/etfs/us/holdings-daily-us-en-spyv.xlsx;
HIG;HARTFORD INSURANCE GROUP INC;equity;sp500_value;State Street SPYV official daily holdings;TRUE;13143900;131439;335346;416515104;2476193;-;USD;21/05/2026;https://www.ssga.com/library-content/products/fund-data/etfs/us/holdings-daily-us-en-spyv.xlsx;
IRM;IRON MOUNTAIN INC;equity;sp500_value;State Street SPYV official daily holdings;TRUE;13055500;130555;355825;46284V101;BVFTF03;-;USD;21/05/2026;https://www.ssga.com/library-content/products/fund-data/etfs/us/holdings-daily-us-en-spyv.xlsx;
INTU;INTUIT INC;equity;sp500_value;State Street SPYV official daily holdings;TRUE;13044900;130449;147427;461202103;2459020;-;USD;21/05/2026;https://www.ssga.com/library-content/products/fund-data/etfs/us/holdings-daily-us-en-spyv.xlsx;
XYZ;BLOCK INC;equity;sp500_value;State Street SPYV official daily holdings;TRUE;13032600;130326;658817;852234103;BYNZGK1;-;USD;21/05/2026;https://www.ssga.com/library-content/products/fund-data/etfs/us/holdings-daily-us-en-spyv.xlsx;
ADM;ARCHER DANIELS MIDLAND CO;equity;sp500_value;State Street SPYV official daily holdings;TRUE;12846500;128465;578085;039483102;2047317;-;USD;21/05/2026;https://www.ssga.com/library-content/products/fund-data/etfs/us/holdings-daily-us-en-spyv.xlsx;
SYY;SYSCO CORP;equity;sp500_value;State Street SPYV official daily holdings;TRUE;12799800;127998;576878;871829107;2868165;-;USD;21/05/2026;https://www.ssga.com/library-content/products/fund-data/etfs/us/holdings-daily-us-en-spyv.xlsx;
HUM;HUMANA INC;equity;sp500_value;State Street SPYV official daily holdings;TRUE;12704700;127047;145185;444859102;2445063;-;USD;21/05/2026;https://www.ssga.com/library-content/products/fund-data/etfs/us/holdings-daily-us-en-spyv.xlsx;
ROST;ROSS STORES INC;equity;sp500_value;State Street SPYV official daily holdings;TRUE;12696800;126968;202875;778296103;2746711;-;USD;21/05/2026;https://www.ssga.com/library-content/products/fund-data/etfs/us/holdings-daily-us-en-spyv.xlsx;
WEC;WEC ENERGY GROUP INC;equity;sp500_value;State Street SPYV official daily holdings;TRUE;12643200;126432;391368;92939U106;BYY8XK8;-;USD;21/05/2026;https://www.ssga.com/library-content/products/fund-data/etfs/us/holdings-daily-us-en-spyv.xlsx;
PRU;PRUDENTIAL FINANCIAL INC;equity;sp500_value;State Street SPYV official daily holdings;TRUE;12607700;126077;419734;744320102;2819118;-;USD;21/05/2026;https://www.ssga.com/library-content/products/fund-data/etfs/us/holdings-daily-us-en-spyv.xlsx;
CDNS;CADENCE DESIGN SYS INC;equity;sp500_value;State Street SPYV official daily holdings;TRUE;12537100;125371;121375;127387108;2302232;-;USD;21/05/2026;https://www.ssga.com/library-content/products/fund-data/etfs/us/holdings-daily-us-en-spyv.xlsx;
PCG;P G + E CORP;equity;sp500_value;State Street SPYV official daily holdings;TRUE;12522200;125222;2643333;69331C108;2689560;-;USD;21/05/2026;https://www.ssga.com/library-content/products/fund-data/etfs/us/holdings-daily-us-en-spyv.xlsx;
EQT;EQT CORP;equity;sp500_value;State Street SPYV official daily holdings;TRUE;12488600;124886;750604;26884L109;2319414;-;USD;21/05/2026;https://www.ssga.com/library-content/products/fund-data/etfs/us/holdings-daily-us-en-spyv.xlsx;
MCO;MOODY S CORP;equity;sp500_value;State Street SPYV official daily holdings;TRUE;12302900;123029;95865;615369105;2252058;-;USD;21/05/2026;https://www.ssga.com/library-content/products/fund-data/etfs/us/holdings-daily-us-en-spyv.xlsx;
BNY;BANK OF NEW YORK MELLON CORP;equity;sp500_value;State Street SPYV official daily holdings;TRUE;12286700;122867;306801;064058100;B1Z77F6;-;USD;21/05/2026;https://www.ssga.com/library-content/products/fund-data/etfs/us/holdings-daily-us-en-spyv.xlsx;
HAL;HALLIBURTON CO;equity;sp500_value;State Street SPYV official daily holdings;TRUE;12202000;122020;1009179;406216101;2405302;-;USD;21/05/2026;https://www.ssga.com/library-content/products/fund-data/etfs/us/holdings-daily-us-en-spyv.xlsx;
ROP;ROPER TECHNOLOGIES INC;equity;sp500_value;State Street SPYV official daily holdings;TRUE;11981000;119810;128296;776696106;2749602;-;USD;21/05/2026;https://www.ssga.com/library-content/products/fund-data/etfs/us/holdings-daily-us-en-spyv.xlsx;
VMC;VULCAN MATERIALS CO;equity;sp500_value;State Street SPYV official daily holdings;TRUE;11979200;119792;158938;929160109;2931205;-;USD;21/05/2026;https://www.ssga.com/library-content/products/fund-data/etfs/us/holdings-daily-us-en-spyv.xlsx;
ACGL;ARCH CAPITAL GROUP LTD;equity;sp500_value;State Street SPYV official daily holdings;TRUE;11930700;119307;430704;G0450A105;2740542;-;USD;21/05/2026;https://www.ssga.com/library-content/products/fund-data/etfs/us/holdings-daily-us-en-spyv.xlsx;
ZTS;ZOETIS INC;equity;sp500_value;State Street SPYV official daily holdings;TRUE;11722300;117223;508063;98978V103;B95WG16;-;USD;21/05/2026;https://www.ssga.com/library-content/products/fund-data/etfs/us/holdings-daily-us-en-spyv.xlsx;
KVUE;KENVUE INC;equity;sp500_value;State Street SPYV official daily holdings;TRUE;11602600;116026;2306135;49177J102;BQ84ZQ6;-;USD;21/05/2026;https://www.ssga.com/library-content/products/fund-data/etfs/us/holdings-daily-us-en-spyv.xlsx;
WAT;WATERS CORP;equity;sp500_value;State Street SPYV official daily holdings;TRUE;11573300;115733;117785;941848103;2937689;-;USD;21/05/2026;https://www.ssga.com/library-content/products/fund-data/etfs/us/holdings-daily-us-en-spyv.xlsx;
KMB;KIMBERLY CLARK CORP;equity;sp500_value;State Street SPYV official daily holdings;TRUE;11366200;113662;399520;494368103;2491839;-;USD;21/05/2026;https://www.ssga.com/library-content/products/fund-data/etfs/us/holdings-daily-us-en-spyv.xlsx;
A;AGILENT TECHNOLOGIES INC;equity;sp500_value;State Street SPYV official daily holdings;TRUE;11245800;112458;339984;00846U101;2520153;-;USD;21/05/2026;https://www.ssga.com/library-content/products/fund-data/etfs/us/holdings-daily-us-en-spyv.xlsx;
MLM;MARTIN MARIETTA MATERIALS;equity;sp500_value;State Street SPYV official daily holdings;TRUE;11231600;112316;72453;573284106;2572079;-;USD;21/05/2026;https://www.ssga.com/library-content/products/fund-data/etfs/us/holdings-daily-us-en-spyv.xlsx;
MTB;M + T BANK CORP;equity;sp500_value;State Street SPYV official daily holdings;TRUE;11192300;111923;182928;55261F104;2340168;-;USD;21/05/2026;https://www.ssga.com/library-content/products/fund-data/etfs/us/holdings-daily-us-en-spyv.xlsx;
UAL;UNITED AIRLINES HOLDINGS INC;equity;sp500_value;State Street SPYV official daily holdings;TRUE;11188100;111881;389669;910047109;B4QG225;-;USD;21/05/2026;https://www.ssga.com/library-content/products/fund-data/etfs/us/holdings-daily-us-en-spyv.xlsx;
HBAN;HUNTINGTON BANCSHARES INC;equity;sp500_value;State Street SPYV official daily holdings;TRUE;11157900;111579;2443008;446150104;2445966;-;USD;21/05/2026;https://www.ssga.com/library-content/products/fund-data/etfs/us/holdings-daily-us-en-spyv.xlsx;
Q;QNITY ELECTRONICS INC;equity;sp500_value;State Street SPYV official daily holdings;TRUE;11104000;111040;252256;74743L100;BW1P234;-;USD;21/05/2026;https://www.ssga.com/library-content/products/fund-data/etfs/us/holdings-daily-us-en-spyv.xlsx;
STLD;STEEL DYNAMICS INC;equity;sp500_value;State Street SPYV official daily holdings;TRUE;11038000;110380;165224;858119100;2849472;-;USD;21/05/2026;https://www.ssga.com/library-content/products/fund-data/etfs/us/holdings-daily-us-en-spyv.xlsx;
VICI;VICI PROPERTIES INC;equity;sp500_value;State Street SPYV official daily holdings;TRUE;10816200;108162;1316128;925652109;BYWH073;-;USD;21/05/2026;https://www.ssga.com/library-content/products/fund-data/etfs/us/holdings-daily-us-en-spyv.xlsx;
NTRS;NORTHERN TRUST CORP;equity;sp500_value;State Street SPYV official daily holdings;TRUE;10813400;108134;224560;665859104;2648668;-;USD;21/05/2026;https://www.ssga.com/library-content/products/fund-data/etfs/us/holdings-daily-us-en-spyv.xlsx;
CPRT;COPART INC;equity;sp500_value;State Street SPYV official daily holdings;TRUE;10626400;106264;1072011;217204106;2208073;-;USD;21/05/2026;https://www.ssga.com/library-content/products/fund-data/etfs/us/holdings-daily-us-en-spyv.xlsx;
EXR;EXTRA SPACE STORAGE INC;equity;sp500_value;State Street SPYV official daily holdings;TRUE;10591500;105915;255410;30225T102;B02HWR9;-;USD;21/05/2026;https://www.ssga.com/library-content/products/fund-data/etfs/us/holdings-daily-us-en-spyv.xlsx;
PAYX;PAYCHEX INC;equity;sp500_value;State Street SPYV official daily holdings;TRUE;10549200;105492;388428;704326107;2674458;-;USD;21/05/2026;https://www.ssga.com/library-content/products/fund-data/etfs/us/holdings-daily-us-en-spyv.xlsx;
AEE;AMEREN CORPORATION;equity;sp500_value;State Street SPYV official daily holdings;TRUE;10539300;105393;332984;023608102;2050832;-;USD;21/05/2026;https://www.ssga.com/library-content/products/fund-data/etfs/us/holdings-daily-us-en-spyv.xlsx;
FTNT;FORTINET INC;equity;sp500_value;State Street SPYV official daily holdings;TRUE;10476100;104761;280827;34959E109;B5B2106;-;USD;21/05/2026;https://www.ssga.com/library-content/products/fund-data/etfs/us/holdings-daily-us-en-spyv.xlsx;
ABNB;AIRBNB INC CLASS A;equity;sp500_value;State Street SPYV official daily holdings;TRUE;10461100;104611;270418;009066101;BMGYYH4;-;USD;21/05/2026;https://www.ssga.com/library-content/products/fund-data/etfs/us/holdings-daily-us-en-spyv.xlsx;
FISV;FISERV INC;equity;sp500_value;State Street SPYV official daily holdings;TRUE;10414400;104144;647466;337738108;2342034;-;USD;21/05/2026;https://www.ssga.com/library-content/products/fund-data/etfs/us/holdings-daily-us-en-spyv.xlsx;
KKR;KKR + CO INC;equity;sp500_value;State Street SPYV official daily holdings;TRUE;10376600;103766;380018;48251W104;BG1FRR1;-;USD;21/05/2026;https://www.ssga.com/library-content/products/fund-data/etfs/us/holdings-daily-us-en-spyv.xlsx;
DTE;DTE ENERGY COMPANY;equity;sp500_value;State Street SPYV official daily holdings;TRUE;10355700;103557;250002;233331107;2280220;-;USD;21/05/2026;https://www.ssga.com/library-content/products/fund-data/etfs/us/holdings-daily-us-en-spyv.xlsx;
ATO;ATMOS ENERGY CORP;equity;sp500_value;State Street SPYV official daily holdings;TRUE;10189000;101890;199253;049560105;2315359;-;USD;21/05/2026;https://www.ssga.com/library-content/products/fund-data/etfs/us/holdings-daily-us-en-spyv.xlsx;
CEG;CONSTELLATION ENERGY;equity;sp500_value;State Street SPYV official daily holdings;TRUE;10184200;101842;123650;21037T109;BMH4FS1;-;USD;21/05/2026;https://www.ssga.com/library-content/products/fund-data/etfs/us/holdings-daily-us-en-spyv.xlsx;
GEHC;GE HEALTHCARE TECHNOLOGY;equity;sp500_value;State Street SPYV official daily holdings;TRUE;10161800;101618;548191;36266G107;BL6JPG8;-;USD;21/05/2026;https://www.ssga.com/library-content/products/fund-data/etfs/us/holdings-daily-us-en-spyv.xlsx;
CMI;CUMMINS INC;equity;sp500_value;State Street SPYV official daily holdings;TRUE;10079600;100796;54932;231021106;2240202;-;USD;21/05/2026;https://www.ssga.com/library-content/products/fund-data/etfs/us/holdings-daily-us-en-spyv.xlsx;
APO;APOLLO GLOBAL MANAGEMENT INC;equity;sp500_value;State Street SPYV official daily holdings;TRUE;9914800;99148;262855;03769M106;BN44JF6;-;USD;21/05/2026;https://www.ssga.com/library-content/products/fund-data/etfs/us/holdings-daily-us-en-spyv.xlsx;
TDY;TELEDYNE TECHNOLOGIES INC;equity;sp500_value;State Street SPYV official daily holdings;TRUE;9888800;98888;56525;879360105;2503477;-;USD;21/05/2026;https://www.ssga.com/library-content/products/fund-data/etfs/us/holdings-daily-us-en-spyv.xlsx;
IQV;IQVIA HOLDINGS INC;equity;sp500_value;State Street SPYV official daily holdings;TRUE;9887700;98877;204225;46266C105;BDR73G1;-;USD;21/05/2026;https://www.ssga.com/library-content/products/fund-data/etfs/us/holdings-daily-us-en-spyv.xlsx;
HSY;HERSHEY CO/THE;equity;sp500_value;State Street SPYV official daily holdings;TRUE;9795100;97951;178540;427866108;2422806;-;USD;21/05/2026;https://www.ssga.com/library-content/products/fund-data/etfs/us/holdings-daily-us-en-spyv.xlsx;
JCI;JOHNSON CONTROLS INTERNATION;equity;sp500_value;State Street SPYV official daily holdings;TRUE;9773600;97736;250370;G51502105;BY7QL61;-;USD;21/05/2026;https://www.ssga.com/library-content/products/fund-data/etfs/us/holdings-daily-us-en-spyv.xlsx;
DOV;DOVER CORP;equity;sp500_value;State Street SPYV official daily holdings;TRUE;9726400;97264;162458;260003108;2278407;-;USD;21/05/2026;https://www.ssga.com/library-content/products/fund-data/etfs/us/holdings-daily-us-en-spyv.xlsx;
BSX;BOSTON SCIENTIFIC CORP;equity;sp500_value;State Street SPYV official daily holdings;TRUE;9693800;96938;588643;101137107;2113434;-;USD;21/05/2026;https://www.ssga.com/library-content/products/fund-data/etfs/us/holdings-daily-us-en-spyv.xlsx;
OTIS;OTIS WORLDWIDE CORP;equity;sp500_value;State Street SPYV official daily holdings;TRUE;9647700;96477;467413;68902V107;BK531S8;-;USD;21/05/2026;https://www.ssga.com/library-content/products/fund-data/etfs/us/holdings-daily-us-en-spyv.xlsx;
BIIB;BIOGEN INC;equity;sp500_value;State Street SPYV official daily holdings;TRUE;9640300;96403;176573;09062X103;2455965;-;USD;21/05/2026;https://www.ssga.com/library-content/products/fund-data/etfs/us/holdings-daily-us-en-spyv.xlsx;
CNP;CENTERPOINT ENERGY INC;equity;sp500_value;State Street SPYV official daily holdings;TRUE;9623100;96231;786330;15189T107;2440637;-;USD;21/05/2026;https://www.ssga.com/library-content/products/fund-data/etfs/us/holdings-daily-us-en-spyv.xlsx;
EIX;EDISON INTERNATIONAL;equity;sp500_value;State Street SPYV official daily holdings;TRUE;9389500;93895;463380;281020107;2829515;-;USD;21/05/2026;https://www.ssga.com/library-content/products/fund-data/etfs/us/holdings-daily-us-en-spyv.xlsx;
CNC;CENTENE CORP;equity;sp500_value;State Street SPYV official daily holdings;TRUE;9362000;93620;562392;15135B101;2807061;-;USD;21/05/2026;https://www.ssga.com/library-content/products/fund-data/etfs/us/holdings-daily-us-en-spyv.xlsx;
-;SSI US GOV MONEY MARKET CLASS;cash;sp500_value;State Street SPYV official daily holdings;TRUE;9352300;93523;3245589087;924QSGII3;-;-;USD;21/05/2026;https://www.ssga.com/library-content/products/fund-data/etfs/us/holdings-daily-us-en-spyv.xlsx;
CFG;CITIZENS FINANCIAL GROUP;equity;sp500_value;State Street SPYV official daily holdings;TRUE;9317500;93175;515050;174610105;BQRX1X3;-;USD;21/05/2026;https://www.ssga.com/library-content/products/fund-data/etfs/us/holdings-daily-us-en-spyv.xlsx;
PPL;PPL CORP;equity;sp500_value;State Street SPYV official daily holdings;TRUE;9280800;92808;890447;69351T106;2680905;-;USD;21/05/2026;https://www.ssga.com/library-content/products/fund-data/etfs/us/holdings-daily-us-en-spyv.xlsx;
XYL;XYLEM INC;equity;sp500_value;State Street SPYV official daily holdings;TRUE;9186400;91864;293284;98419M100;B3P2CN8;-;USD;21/05/2026;https://www.ssga.com/library-content/products/fund-data/etfs/us/holdings-daily-us-en-spyv.xlsx;
RJF;RAYMOND JAMES FINANCIAL INC;equity;sp500_value;State Street SPYV official daily holdings;TRUE;9156500;91565;211250;754730109;2718992;-;USD;21/05/2026;https://www.ssga.com/library-content/products/fund-data/etfs/us/holdings-daily-us-en-spyv.xlsx;
ES;EVERSOURCE ENERGY;equity;sp500_value;State Street SPYV official daily holdings;TRUE;9065600;90656;451829;30040W108;BVVN4Q8;-;USD;21/05/2026;https://www.ssga.com/library-content/products/fund-data/etfs/us/holdings-daily-us-en-spyv.xlsx;
EW;EDWARDS LIFESCIENCES CORP;equity;sp500_value;State Street SPYV official daily holdings;TRUE;9052700;90527;377597;28176E108;2567116;-;USD;21/05/2026;https://www.ssga.com/library-content/products/fund-data/etfs/us/holdings-daily-us-en-spyv.xlsx;
AVB;AVALONBAY COMMUNITIES INC;equity;sp500_value;State Street SPYV official daily holdings;TRUE;9044900;90449;170491;053484101;2131179;-;USD;21/05/2026;https://www.ssga.com/library-content/products/fund-data/etfs/us/holdings-daily-us-en-spyv.xlsx;
URI;UNITED RENTALS INC;equity;sp500_value;State Street SPYV official daily holdings;TRUE;9025100;90251;33599;911363109;2134781;-;USD;21/05/2026;https://www.ssga.com/library-content/products/fund-data/etfs/us/holdings-daily-us-en-spyv.xlsx;
DOW;DOW INC;equity;sp500_value;State Street SPYV official daily holdings;TRUE;8945800;89458;864526;260557103;BHXCF84;-;USD;21/05/2026;https://www.ssga.com/library-content/products/fund-data/etfs/us/holdings-daily-us-en-spyv.xlsx;
ARES;ARES MANAGEMENT CORP   A;equity;sp500_value;State Street SPYV official daily holdings;TRUE;8871500;88715;248305;03990B101;BF14BT1;-;USD;21/05/2026;https://www.ssga.com/library-content/products/fund-data/etfs/us/holdings-daily-us-en-spyv.xlsx;
CTSH;COGNIZANT TECH SOLUTIONS A;equity;sp500_value;State Street SPYV official daily holdings;TRUE;8722400;87224;578553;192446102;2257019;-;USD;21/05/2026;https://www.ssga.com/library-content/products/fund-data/etfs/us/holdings-daily-us-en-spyv.xlsx;
IR;INGERSOLL RAND INC;equity;sp500_value;State Street SPYV official daily holdings;TRUE;8683500;86835;428781;45687V106;BL5GZ82;-;USD;21/05/2026;https://www.ssga.com/library-content/products/fund-data/etfs/us/holdings-daily-us-en-spyv.xlsx;
SYF;SYNCHRONY FINANCIAL;equity;sp500_value;State Street SPYV official daily holdings;TRUE;8661200;86612;417464;87165B103;BP96PS6;-;USD;21/05/2026;https://www.ssga.com/library-content/products/fund-data/etfs/us/holdings-daily-us-en-spyv.xlsx;
NTAP;NETAPP INC;equity;sp500_value;State Street SPYV official daily holdings;TRUE;8556000;85560;239561;64110D104;2630643;-;USD;21/05/2026;https://www.ssga.com/library-content/products/fund-data/etfs/us/holdings-daily-us-en-spyv.xlsx;
WTW;WILLIS TOWERS WATSON PLC;equity;sp500_value;State Street SPYV official daily holdings;TRUE;8542200;85422;114799;G96629103;BDB6Q21;-;USD;21/05/2026;https://www.ssga.com/library-content/products/fund-data/etfs/us/holdings-daily-us-en-spyv.xlsx;
HUBB;HUBBELL INC;equity;sp500_value;State Street SPYV official daily holdings;TRUE;8517300;85173;64120;443510607;BDFG6S3;-;USD;21/05/2026;https://www.ssga.com/library-content/products/fund-data/etfs/us/holdings-daily-us-en-spyv.xlsx;
CPAY;CORPAY INC;equity;sp500_value;State Street SPYV official daily holdings;TRUE;8428800;84288;84185;219948106;BMX5GK7;-;USD;21/05/2026;https://www.ssga.com/library-content/products/fund-data/etfs/us/holdings-daily-us-en-spyv.xlsx;
RF;REGIONS FINANCIAL CORP;equity;sp500_value;State Street SPYV official daily holdings;TRUE;8395800;83958;1051477;7591EP100;B01R311;-;USD;21/05/2026;https://www.ssga.com/library-content/products/fund-data/etfs/us/holdings-daily-us-en-spyv.xlsx;
AWK;AMERICAN WATER WORKS CO INC;equity;sp500_value;State Street SPYV official daily holdings;TRUE;8390600;83906;235052;030420103;B2R3PV1;-;USD;21/05/2026;https://www.ssga.com/library-content/products/fund-data/etfs/us/holdings-daily-us-en-spyv.xlsx;
EA;ELECTRONIC ARTS INC;equity;sp500_value;State Street SPYV official daily holdings;TRUE;8344700;83447;143454;285512109;2310194;-;USD;21/05/2026;https://www.ssga.com/library-content/products/fund-data/etfs/us/holdings-daily-us-en-spyv.xlsx;
PPG;PPG INDUSTRIES INC;equity;sp500_value;State Street SPYV official daily holdings;TRUE;8307400;83074;270370;693506107;2698470;-;USD;21/05/2026;https://www.ssga.com/library-content/products/fund-data/etfs/us/holdings-daily-us-en-spyv.xlsx;
FE;FIRSTENERGY CORP;equity;sp500_value;State Street SPYV official daily holdings;TRUE;8210600;82106;626236;337932107;2100920;-;USD;21/05/2026;https://www.ssga.com/library-content/products/fund-data/etfs/us/holdings-daily-us-en-spyv.xlsx;
TER;TERADYNE INC;equity;sp500_value;State Street SPYV official daily holdings;TRUE;8074600;80746;79283;880770102;2884183;-;USD;21/05/2026;https://www.ssga.com/library-content/products/fund-data/etfs/us/holdings-daily-us-en-spyv.xlsx;
EXE;EXPAND ENERGY CORP;equity;sp500_value;State Street SPYV official daily holdings;TRUE;8071000;80710;287010;165167735;BMZ5LZ5;-;USD;21/05/2026;https://www.ssga.com/library-content/products/fund-data/etfs/us/holdings-daily-us-en-spyv.xlsx;
OMC;OMNICOM GROUP;equity;sp500_value;State Street SPYV official daily holdings;TRUE;8029900;80299;377747;681919106;2279303;-;USD;21/05/2026;https://www.ssga.com/library-content/products/fund-data/etfs/us/holdings-daily-us-en-spyv.xlsx;
DG;DOLLAR GENERAL CORP;equity;sp500_value;State Street SPYV official daily holdings;TRUE;8024400;80244;264937;256677105;B5B1S13;-;USD;21/05/2026;https://www.ssga.com/library-content/products/fund-data/etfs/us/holdings-daily-us-en-spyv.xlsx;
TPL;TEXAS PACIFIC LAND CORP;equity;sp500_value;State Street SPYV official daily holdings;TRUE;7980700;79807;69766;88262P102;BM99VY2;-;USD;21/05/2026;https://www.ssga.com/library-content/products/fund-data/etfs/us/holdings-daily-us-en-spyv.xlsx;
WSM;WILLIAMS SONOMA INC;equity;sp500_value;State Street SPYV official daily holdings;TRUE;7934900;79349;143466;969904101;2967589;-;USD;21/05/2026;https://www.ssga.com/library-content/products/fund-data/etfs/us/holdings-daily-us-en-spyv.xlsx;
DRI;DARDEN RESTAURANTS INC;equity;sp500_value;State Street SPYV official daily holdings;TRUE;7918300;79183;139439;237194105;2289874;-;USD;21/05/2026;https://www.ssga.com/library-content/products/fund-data/etfs/us/holdings-daily-us-en-spyv.xlsx;
NI;NISOURCE INC;equity;sp500_value;State Street SPYV official daily holdings;TRUE;7914900;79149;575716;65473P105;2645409;-;USD;21/05/2026;https://www.ssga.com/library-content/products/fund-data/etfs/us/holdings-daily-us-en-spyv.xlsx;
WST;WEST PHARMACEUTICAL SERVICES;equity;sp500_value;State Street SPYV official daily holdings;TRUE;7896900;78969;86689;955306105;2950482;-;USD;21/05/2026;https://www.ssga.com/library-content/products/fund-data/etfs/us/holdings-daily-us-en-spyv.xlsx;
EQR;EQUITY RESIDENTIAL;equity;sp500_value;State Street SPYV official daily holdings;TRUE;7870000;78700;415321;29476L107;2319157;-;USD;21/05/2026;https://www.ssga.com/library-content/products/fund-data/etfs/us/holdings-daily-us-en-spyv.xlsx;
FIS;FIDELITY NATIONAL INFO SERV;equity;sp500_value;State Street SPYV official daily holdings;TRUE;7839400;78394;623693;31620M106;2769796;-;USD;21/05/2026;https://www.ssga.com/library-content/products/fund-data/etfs/us/holdings-daily-us-en-spyv.xlsx;
CHD;CHURCH + DWIGHT CO INC;equity;sp500_value;State Street SPYV official daily holdings;TRUE;7833600;78336;284245;171340102;2195841;-;USD;21/05/2026;https://www.ssga.com/library-content/products/fund-data/etfs/us/holdings-daily-us-en-spyv.xlsx;
CMS;CMS ENERGY CORP;equity;sp500_value;State Street SPYV official daily holdings;TRUE;7806400;78064;367885;125896100;2219224;-;USD;21/05/2026;https://www.ssga.com/library-content/products/fund-data/etfs/us/holdings-daily-us-en-spyv.xlsx;
CVNA;CARVANA CO;equity;sp500_value;State Street SPYV official daily holdings;TRUE;7739400;77394;417120;146869102;BYQHPG3;-;USD;21/05/2026;https://www.ssga.com/library-content/products/fund-data/etfs/us/holdings-daily-us-en-spyv.xlsx;
TROW;T ROWE PRICE GROUP INC;equity;sp500_value;State Street SPYV official daily holdings;TRUE;7733300;77333;263240;74144T108;2702337;-;USD;21/05/2026;https://www.ssga.com/library-content/products/fund-data/etfs/us/holdings-daily-us-en-spyv.xlsx;
PHM;PULTEGROUP INC;equity;sp500_value;State Street SPYV official daily holdings;TRUE;7730200;77302;230666;745867101;2708841;-;USD;21/05/2026;https://www.ssga.com/library-content/products/fund-data/etfs/us/holdings-daily-us-en-spyv.xlsx;
ROK;ROCKWELL AUTOMATION INC;equity;sp500_value;State Street SPYV official daily holdings;TRUE;7724900;77249;60893;773903109;2754060;-;USD;21/05/2026;https://www.ssga.com/library-content/products/fund-data/etfs/us/holdings-daily-us-en-spyv.xlsx;
SBAC;SBA COMMUNICATIONS CORP;equity;sp500_value;State Street SPYV official daily holdings;TRUE;7650400;76504;128371;78410G104;BZ6TS23;-;USD;21/05/2026;https://www.ssga.com/library-content/products/fund-data/etfs/us/holdings-daily-us-en-spyv.xlsx;
FFIV;F5 INC;equity;sp500_value;State Street SPYV official daily holdings;TRUE;7614700;76147;68871;315616102;2427599;-;USD;21/05/2026;https://www.ssga.com/library-content/products/fund-data/etfs/us/holdings-daily-us-en-spyv.xlsx;
YUM;YUM  BRANDS INC;equity;sp500_value;State Street SPYV official daily holdings;TRUE;7589600;75896;170675;988498101;2098876;-;USD;21/05/2026;https://www.ssga.com/library-content/products/fund-data/etfs/us/holdings-daily-us-en-spyv.xlsx;
DGX;QUEST DIAGNOSTICS INC;equity;sp500_value;State Street SPYV official daily holdings;TRUE;7459800;74598;133567;74834L100;2702791;-;USD;21/05/2026;https://www.ssga.com/library-content/products/fund-data/etfs/us/holdings-daily-us-en-spyv.xlsx;
ADSK;AUTODESK INC;equity;sp500_value;State Street SPYV official daily holdings;TRUE;7417200;74172;107166;052769106;2065159;-;USD;21/05/2026;https://www.ssga.com/library-content/products/fund-data/etfs/us/holdings-daily-us-en-spyv.xlsx;
VLTO;VERALTO CORP;equity;sp500_value;State Street SPYV official daily holdings;TRUE;7412100;74121;299238;92338C103;BPGMZQ5;-;USD;21/05/2026;https://www.ssga.com/library-content/products/fund-data/etfs/us/holdings-daily-us-en-spyv.xlsx;
STZ;CONSTELLATION BRANDS INC A;equity;sp500_value;State Street SPYV official daily holdings;TRUE;7352600;73526;169171;21036P108;2170473;-;USD;21/05/2026;https://www.ssga.com/library-content/products/fund-data/etfs/us/holdings-daily-us-en-spyv.xlsx;
LH;LABCORP HOLDINGS INC;equity;sp500_value;State Street SPYV official daily holdings;TRUE;7336800;73368;99555;504922105;BSBK800;-;USD;21/05/2026;https://www.ssga.com/library-content/products/fund-data/etfs/us/holdings-daily-us-en-spyv.xlsx;
CHRW;C.H. ROBINSON WORLDWIDE INC;equity;sp500_value;State Street SPYV official daily holdings;TRUE;7321700;73217;142643;12541W209;2116228;-;USD;21/05/2026;https://www.ssga.com/library-content/products/fund-data/etfs/us/holdings-daily-us-en-spyv.xlsx;
AKAM;AKAMAI TECHNOLOGIES INC;equity;sp500_value;State Street SPYV official daily holdings;TRUE;7296400;72964;173146;00971T101;2507457;-;USD;21/05/2026;https://www.ssga.com/library-content/products/fund-data/etfs/us/holdings-daily-us-en-spyv.xlsx;
EXPD;EXPEDITORS INTL WASH INC;equity;sp500_value;State Street SPYV official daily holdings;TRUE;7288200;72882;160905;302130109;2325507;-;USD;21/05/2026;https://www.ssga.com/library-content/products/fund-data/etfs/us/holdings-daily-us-en-spyv.xlsx;
PFG;PRINCIPAL FINANCIAL GROUP;equity;sp500_value;State Street SPYV official daily holdings;TRUE;7149800;71498;238765;74251V102;2803014;-;USD;21/05/2026;https://www.ssga.com/library-content/products/fund-data/etfs/us/holdings-daily-us-en-spyv.xlsx;
MSCI;MSCI INC;equity;sp500_value;State Street SPYV official daily holdings;TRUE;7118900;71189;42424;55354G100;B2972D2;-;USD;21/05/2026;https://www.ssga.com/library-content/products/fund-data/etfs/us/holdings-daily-us-en-spyv.xlsx;
HPQ;HP INC;equity;sp500_value;State Street SPYV official daily holdings;TRUE;7042300;70423;1115939;40434L105;BYX4D52;-;USD;21/05/2026;https://www.ssga.com/library-content/products/fund-data/etfs/us/holdings-daily-us-en-spyv.xlsx;
AZO;AUTOZONE INC;equity;sp500_value;State Street SPYV official daily holdings;TRUE;7018300;70183;7084;053332102;2065955;-;USD;21/05/2026;https://www.ssga.com/library-content/products/fund-data/etfs/us/holdings-daily-us-en-spyv.xlsx;
KEY;KEYCORP;equity;sp500_value;State Street SPYV official daily holdings;TRUE;6968100;69681;1125248;493267108;2490911;-;USD;21/05/2026;https://www.ssga.com/library-content/products/fund-data/etfs/us/holdings-daily-us-en-spyv.xlsx;
ALB;ALBEMARLE CORP;equity;sp500_value;State Street SPYV official daily holdings;TRUE;6942900;69429;141815;012653101;2046853;-;USD;21/05/2026;https://www.ssga.com/library-content/products/fund-data/etfs/us/holdings-daily-us-en-spyv.xlsx;
VTR;VENTAS INC;equity;sp500_value;State Street SPYV official daily holdings;TRUE;6942000;69420;273763;92276F100;2927925;-;USD;21/05/2026;https://www.ssga.com/library-content/products/fund-data/etfs/us/holdings-daily-us-en-spyv.xlsx;
KHC;KRAFT HEINZ CO/THE;equity;sp500_value;State Street SPYV official daily holdings;TRUE;6937200;69372;1022703;500754106;BYRY499;-;USD;21/05/2026;https://www.ssga.com/library-content/products/fund-data/etfs/us/holdings-daily-us-en-spyv.xlsx;
LUV;SOUTHWEST AIRLINES CO;equity;sp500_value;State Street SPYV official daily holdings;TRUE;6933700;69337;590049;844741108;2831543;-;USD;21/05/2026;https://www.ssga.com/library-content/products/fund-data/etfs/us/holdings-daily-us-en-spyv.xlsx;
TTWO;TAKE TWO INTERACTIVE SOFTWRE;equity;sp500_value;State Street SPYV official daily holdings;TRUE;6886600;68866;100382;874054109;2122117;-;USD;21/05/2026;https://www.ssga.com/library-content/products/fund-data/etfs/us/holdings-daily-us-en-spyv.xlsx;
SW;SMURFIT WESTROCK PLC;equity;sp500_value;State Street SPYV official daily holdings;TRUE;6847700;68477;629670;G8267P108;BRK49M5;-;USD;21/05/2026;https://www.ssga.com/library-content/products/fund-data/etfs/us/holdings-daily-us-en-spyv.xlsx;
EFX;EQUIFAX INC;equity;sp500_value;State Street SPYV official daily holdings;TRUE;6775500;67755;144661;294429105;2319146;-;USD;21/05/2026;https://www.ssga.com/library-content/products/fund-data/etfs/us/holdings-daily-us-en-spyv.xlsx;
EL;ESTEE LAUDER COMPANIES CL A;equity;sp500_value;State Street SPYV official daily holdings;TRUE;6750000;67500;296856;518439104;2320524;-;USD;21/05/2026;https://www.ssga.com/library-content/products/fund-data/etfs/us/holdings-daily-us-en-spyv.xlsx;
JBHT;HUNT (JB) TRANSPRT SVCS INC;equity;sp500_value;State Street SPYV official daily holdings;TRUE;6713200;67132;89871;445658107;2445416;-;USD;21/05/2026;https://www.ssga.com/library-content/products/fund-data/etfs/us/holdings-daily-us-en-spyv.xlsx;
DD;DUPONT DE NEMOURS INC;equity;sp500_value;State Street SPYV official daily holdings;TRUE;6675700;66757;491343;26614N102;BK0VN47;-;USD;21/05/2026;https://www.ssga.com/library-content/products/fund-data/etfs/us/holdings-daily-us-en-spyv.xlsx;
IFF;INTL FLAVORS + FRAGRANCES;equity;sp500_value;State Street SPYV official daily holdings;TRUE;6664100;66641;307333;459506101;2464165;-;USD;21/05/2026;https://www.ssga.com/library-content/products/fund-data/etfs/us/holdings-daily-us-en-spyv.xlsx;
PKG;PACKAGING CORP OF AMERICA;equity;sp500_value;State Street SPYV official daily holdings;TRUE;6631900;66319;107667;695156109;2504566;-;USD;21/05/2026;https://www.ssga.com/library-content/products/fund-data/etfs/us/holdings-daily-us-en-spyv.xlsx;
LEN;LENNAR CORP W/D;equity;sp500_value;State Street SPYV official daily holdings;TRUE;6627100;66271;258903;526057104;2511920;-;USD;21/05/2026;https://www.ssga.com/library-content/products/fund-data/etfs/us/holdings-daily-us-en-spyv.xlsx;
EVRG;EVERGY INC;equity;sp500_value;State Street SPYV official daily holdings;TRUE;6606600;66066;276381;30034W106;BFMXGR0;-;USD;21/05/2026;https://www.ssga.com/library-content/products/fund-data/etfs/us/holdings-daily-us-en-spyv.xlsx;
CF;CF INDUSTRIES HOLDINGS INC;equity;sp500_value;State Street SPYV official daily holdings;TRUE;6563800;65638;187186;125269100;B0G4K50;-;USD;21/05/2026;https://www.ssga.com/library-content/products/fund-data/etfs/us/holdings-daily-us-en-spyv.xlsx;
VTRS;VIATRIS INC;equity;sp500_value;State Street SPYV official daily holdings;TRUE;6528500;65285;1386539;92556V106;BMWS3X9;-;USD;21/05/2026;https://www.ssga.com/library-content/products/fund-data/etfs/us/holdings-daily-us-en-spyv.xlsx;
LNT;ALLIANT ENERGY CORP;equity;sp500_value;State Street SPYV official daily holdings;TRUE;6517600;65176;308656;018802108;2973821;-;USD;21/05/2026;https://www.ssga.com/library-content/products/fund-data/etfs/us/holdings-daily-us-en-spyv.xlsx;
TSN;TYSON FOODS INC CL A;equity;sp500_value;State Street SPYV official daily holdings;TRUE;6514300;65143;340105;902494103;2909730;-;USD;21/05/2026;https://www.ssga.com/library-content/products/fund-data/etfs/us/holdings-daily-us-en-spyv.xlsx;
SNA;SNAP ON INC;equity;sp500_value;State Street SPYV official daily holdings;TRUE;6500800;65008;62267;833034101;2818740;-;USD;21/05/2026;https://www.ssga.com/library-content/products/fund-data/etfs/us/holdings-daily-us-en-spyv.xlsx;
FTV;FORTIVE CORP;equity;sp500_value;State Street SPYV official daily holdings;TRUE;6449000;64490;379198;34959J108;BYT3MK1;-;USD;21/05/2026;https://www.ssga.com/library-content/products/fund-data/etfs/us/holdings-daily-us-en-spyv.xlsx;
L;LOEWS CORP;equity;sp500_value;State Street SPYV official daily holdings;TRUE;6406700;64067;203639;540424108;2523022;-;USD;21/05/2026;https://www.ssga.com/library-content/products/fund-data/etfs/us/holdings-daily-us-en-spyv.xlsx;
TEL;TE CONNECTIVITY PLC;equity;sp500_value;State Street SPYV official daily holdings;TRUE;6371000;63710;109567;G87052109;BRC3N84;-;USD;21/05/2026;https://www.ssga.com/library-content/products/fund-data/etfs/us/holdings-daily-us-en-spyv.xlsx;
CBOE;CBOE GLOBAL MARKETS INC;equity;sp500_value;State Street SPYV official daily holdings;TRUE;6251800;62518;61647;12503M108;B5834C5;-;USD;21/05/2026;https://www.ssga.com/library-content/products/fund-data/etfs/us/holdings-daily-us-en-spyv.xlsx;
LYB;LYONDELLBASELL INDU CL A;equity;sp500_value;State Street SPYV official daily holdings;TRUE;6243500;62435;309177;N53745100;B3SPXZ3;-;USD;21/05/2026;https://www.ssga.com/library-content/products/fund-data/etfs/us/holdings-daily-us-en-spyv.xlsx;
GIS;GENERAL MILLS INC;equity;sp500_value;State Street SPYV official daily holdings;TRUE;6203600;62036;643217;370334104;2367026;-;USD;21/05/2026;https://www.ssga.com/library-content/products/fund-data/etfs/us/holdings-daily-us-en-spyv.xlsx;
AMCR;AMCOR PLC;equity;sp500_value;State Street SPYV official daily holdings;TRUE;6180600;61806;557114;G0250X149;BV7DQ55;-;USD;21/05/2026;https://www.ssga.com/library-content/products/fund-data/etfs/us/holdings-daily-us-en-spyv.xlsx;
ESS;ESSEX PROPERTY TRUST INC;equity;sp500_value;State Street SPYV official daily holdings;TRUE;6124800;61248;77630;297178105;2316619;-;USD;21/05/2026;https://www.ssga.com/library-content/products/fund-data/etfs/us/holdings-daily-us-en-spyv.xlsx;
DLTR;DOLLAR TREE INC;equity;sp500_value;State Street SPYV official daily holdings;TRUE;6121200;61212;221947;256746108;2272476;-;USD;21/05/2026;https://www.ssga.com/library-content/products/fund-data/etfs/us/holdings-daily-us-en-spyv.xlsx;
BR;BROADRIDGE FINANCIAL SOLUTIO;equity;sp500_value;State Street SPYV official daily holdings;TRUE;6082500;60825;140703;11133T103;B1VP7R6;-;USD;21/05/2026;https://www.ssga.com/library-content/products/fund-data/etfs/us/holdings-daily-us-en-spyv.xlsx;
PTC;PTC INC;equity;sp500_value;State Street SPYV official daily holdings;TRUE;6016400;60164;143164;69370C100;B95N910;-;USD;21/05/2026;https://www.ssga.com/library-content/products/fund-data/etfs/us/holdings-daily-us-en-spyv.xlsx;
GPN;GLOBAL PAYMENTS INC;equity;sp500_value;State Street SPYV official daily holdings;TRUE;5977100;59771;285748;37940X102;2712013;-;USD;21/05/2026;https://www.ssga.com/library-content/products/fund-data/etfs/us/holdings-daily-us-en-spyv.xlsx;
BRO;BROWN + BROWN INC;equity;sp500_value;State Street SPYV official daily holdings;TRUE;5940000;59400;352255;115236101;2692687;-;USD;21/05/2026;https://www.ssga.com/library-content/products/fund-data/etfs/us/holdings-daily-us-en-spyv.xlsx;
ZBH;ZIMMER BIOMET HOLDINGS INC;equity;sp500_value;State Street SPYV official daily holdings;TRUE;5864600;58646;238566;98956P102;2783815;-;USD;21/05/2026;https://www.ssga.com/library-content/products/fund-data/etfs/us/holdings-daily-us-en-spyv.xlsx;
WY;WEYERHAEUSER CO;equity;sp500_value;State Street SPYV official daily holdings;TRUE;5863500;58635;865155;962166104;2958936;-;USD;21/05/2026;https://www.ssga.com/library-content/products/fund-data/etfs/us/holdings-daily-us-en-spyv.xlsx;
SMCI;SUPER MICRO COMPUTER INC;equity;sp500_value;State Street SPYV official daily holdings;TRUE;5825400;58254;604194;86800U302;BRC3N73;-;USD;21/05/2026;https://www.ssga.com/library-content/products/fund-data/etfs/us/holdings-daily-us-en-spyv.xlsx;
TSCO;TRACTOR SUPPLY COMPANY;equity;sp500_value;State Street SPYV official daily holdings;TRUE;5809400;58094;636579;892356106;2900335;-;USD;21/05/2026;https://www.ssga.com/library-content/products/fund-data/etfs/us/holdings-daily-us-en-spyv.xlsx;
NVR;NVR INC;equity;sp500_value;State Street SPYV official daily holdings;TRUE;5771900;57719;3312;62944T105;2637785;-;USD;21/05/2026;https://www.ssga.com/library-content/products/fund-data/etfs/us/holdings-daily-us-en-spyv.xlsx;
MRNA;MODERNA INC;equity;sp500_value;State Street SPYV official daily holdings;TRUE;5688100;56881;417686;60770K107;BGSXTS3;-;USD;21/05/2026;https://www.ssga.com/library-content/products/fund-data/etfs/us/holdings-daily-us-en-spyv.xlsx;
INVH;INVITATION HOMES INC;equity;sp500_value;State Street SPYV official daily holdings;TRUE;5680000;56800;679007;46187W107;BD81GW9;-;USD;21/05/2026;https://www.ssga.com/library-content/products/fund-data/etfs/us/holdings-daily-us-en-spyv.xlsx;
IP;INTERNATIONAL PAPER CO;equity;sp500_value;State Street SPYV official daily holdings;TRUE;5665300;56653;633446;460146103;2465254;-;USD;21/05/2026;https://www.ssga.com/library-content/products/fund-data/etfs/us/holdings-daily-us-en-spyv.xlsx;
BG;BUNGE GLOBAL SA;equity;sp500_value;State Street SPYV official daily holdings;TRUE;5619500;56195;162865;H11356104;BQ6BPG9;-;USD;21/05/2026;https://www.ssga.com/library-content/products/fund-data/etfs/us/holdings-daily-us-en-spyv.xlsx;
KIM;KIMCO REALTY CORP;equity;sp500_value;State Street SPYV official daily holdings;TRUE;5604600;56046;808724;49446R109;2491594;-;USD;21/05/2026;https://www.ssga.com/library-content/products/fund-data/etfs/us/holdings-daily-us-en-spyv.xlsx;
TXT;TEXTRON INC;equity;sp500_value;State Street SPYV official daily holdings;TRUE;5468200;54682;210289;883203101;2885937;-;USD;21/05/2026;https://www.ssga.com/library-content/products/fund-data/etfs/us/holdings-daily-us-en-spyv.xlsx;
LDOS;LEIDOS HOLDINGS INC;equity;sp500_value;State Street SPYV official daily holdings;TRUE;5461900;54619;154053;525327102;BDV82B8;-;USD;21/05/2026;https://www.ssga.com/library-content/products/fund-data/etfs/us/holdings-daily-us-en-spyv.xlsx;
IEX;IDEX CORP;equity;sp500_value;State Street SPYV official daily holdings;TRUE;5322300;53223;90152;45167R104;2456612;-;USD;21/05/2026;https://www.ssga.com/library-content/products/fund-data/etfs/us/holdings-daily-us-en-spyv.xlsx;
LII;LENNOX INTERNATIONAL INC;equity;sp500_value;State Street SPYV official daily holdings;TRUE;5320500;53205;38426;526107107;2442053;-;USD;21/05/2026;https://www.ssga.com/library-content/products/fund-data/etfs/us/holdings-daily-us-en-spyv.xlsx;
NDSN;NORDSON CORP;equity;sp500_value;State Street SPYV official daily holdings;TRUE;5278800;52788;63882;655663102;2641838;-;USD;21/05/2026;https://www.ssga.com/library-content/products/fund-data/etfs/us/holdings-daily-us-en-spyv.xlsx;
MAA;MID AMERICA APARTMENT COMM;equity;sp500_value;State Street SPYV official daily holdings;TRUE;5273800;52738;140772;59522J103;2589132;-;USD;21/05/2026;https://www.ssga.com/library-content/products/fund-data/etfs/us/holdings-daily-us-en-spyv.xlsx;
BALL;BALL CORP;equity;sp500_value;State Street SPYV official daily holdings;TRUE;5237700;52377;322567;058498106;2073022;-;USD;21/05/2026;https://www.ssga.com/library-content/products/fund-data/etfs/us/holdings-daily-us-en-spyv.xlsx;
FICO;FAIR ISAAC CORP;equity;sp500_value;State Street SPYV official daily holdings;TRUE;5115700;51157;14456;303250104;2330299;-;USD;21/05/2026;https://www.ssga.com/library-content/products/fund-data/etfs/us/holdings-daily-us-en-spyv.xlsx;
JBL;JABIL INC;equity;sp500_value;State Street SPYV official daily holdings;TRUE;5097400;50974;49633;466313103;2471789;-;USD;21/05/2026;https://www.ssga.com/library-content/products/fund-data/etfs/us/holdings-daily-us-en-spyv.xlsx;
GNRC;GENERAC HOLDINGS INC;equity;sp500_value;State Street SPYV official daily holdings;TRUE;5047600;50476;70692;368736104;B6197Q2;-;USD;21/05/2026;https://www.ssga.com/library-content/products/fund-data/etfs/us/holdings-daily-us-en-spyv.xlsx;
DECK;DECKERS OUTDOOR CORP;equity;sp500_value;State Street SPYV official daily holdings;TRUE;5040900;50409;170469;243537107;2267278;-;USD;21/05/2026;https://www.ssga.com/library-content/products/fund-data/etfs/us/holdings-daily-us-en-spyv.xlsx;
WDAY;WORKDAY INC CLASS A;equity;sp500_value;State Street SPYV official daily holdings;TRUE;5033200;50332;143347;98138H101;B8K6ZD1;-;USD;21/05/2026;https://www.ssga.com/library-content/products/fund-data/etfs/us/holdings-daily-us-en-spyv.xlsx;
EG;EVEREST GROUP LTD;equity;sp500_value;State Street SPYV official daily holdings;TRUE;5012300;50123;48799;G3223R108;2556868;-;USD;21/05/2026;https://www.ssga.com/library-content/products/fund-data/etfs/us/holdings-daily-us-en-spyv.xlsx;
HST;HOST HOTELS + RESORTS INC;equity;sp500_value;State Street SPYV official daily holdings;TRUE;4973800;49738;770221;44107P104;2567503;-;USD;21/05/2026;https://www.ssga.com/library-content/products/fund-data/etfs/us/holdings-daily-us-en-spyv.xlsx;
CSGP;COSTAR GROUP INC;equity;sp500_value;State Street SPYV official daily holdings;TRUE;4970000;49700;508332;22160N109;2262864;-;USD;21/05/2026;https://www.ssga.com/library-content/products/fund-data/etfs/us/holdings-daily-us-en-spyv.xlsx;
CDW;CDW CORP/DE;equity;sp500_value;State Street SPYV official daily holdings;TRUE;4800800;48008;156803;12514G108;BBM5MD6;-;USD;21/05/2026;https://www.ssga.com/library-content/products/fund-data/etfs/us/holdings-daily-us-en-spyv.xlsx;
GEN;GEN DIGITAL INC;equity;sp500_value;State Street SPYV official daily holdings;TRUE;4797700;47977;670009;668771108;BJN4XN5;-;USD;21/05/2026;https://www.ssga.com/library-content/products/fund-data/etfs/us/holdings-daily-us-en-spyv.xlsx;
EBAY;EBAY INC;equity;sp500_value;State Street SPYV official daily holdings;TRUE;4778500;47785;141578;278642103;2293819;-;USD;21/05/2026;https://www.ssga.com/library-content/products/fund-data/etfs/us/holdings-daily-us-en-spyv.xlsx;
MAS;MASCO CORP;equity;sp500_value;State Street SPYV official daily holdings;TRUE;4773000;47730;247853;574599106;2570200;-;USD;21/05/2026;https://www.ssga.com/library-content/products/fund-data/etfs/us/holdings-daily-us-en-spyv.xlsx;
RMD;RESMED INC;equity;sp500_value;State Street SPYV official daily holdings;TRUE;4759900;47599;79043;761152107;2732903;-;USD;21/05/2026;https://www.ssga.com/library-content/products/fund-data/etfs/us/holdings-daily-us-en-spyv.xlsx;
DOC;HEALTHPEAK PROPERTIES INC;equity;sp500_value;State Street SPYV official daily holdings;TRUE;4740900;47409;837700;42250P103;BJBLRK3;-;USD;21/05/2026;https://www.ssga.com/library-content/products/fund-data/etfs/us/holdings-daily-us-en-spyv.xlsx;
DXCM;DEXCOM INC;equity;sp500_value;State Street SPYV official daily holdings;TRUE;4728200;47282;228214;252131107;B0796X4;-;USD;21/05/2026;https://www.ssga.com/library-content/products/fund-data/etfs/us/holdings-daily-us-en-spyv.xlsx;
APA;APA CORP;equity;sp500_value;State Street SPYV official daily holdings;TRUE;4716600;47166;426927;03743Q108;BNNF1C1;-;USD;21/05/2026;https://www.ssga.com/library-content/products/fund-data/etfs/us/holdings-daily-us-en-spyv.xlsx;
LULU;LULULEMON ATHLETICA INC;equity;sp500_value;State Street SPYV official daily holdings;TRUE;4703300;47033;128763;550021109;B23FN39;-;USD;21/05/2026;https://www.ssga.com/library-content/products/fund-data/etfs/us/holdings-daily-us-en-spyv.xlsx;
GPC;GENUINE PARTS CO;equity;sp500_value;State Street SPYV official daily holdings;TRUE;4699100;46991;167051;372460105;2367480;-;USD;21/05/2026;https://www.ssga.com/library-content/products/fund-data/etfs/us/holdings-daily-us-en-spyv.xlsx;
J;JACOBS SOLUTIONS INC;equity;sp500_value;State Street SPYV official daily holdings;TRUE;4672900;46729;142651;46982L108;BNGC0D3;-;USD;21/05/2026;https://www.ssga.com/library-content/products/fund-data/etfs/us/holdings-daily-us-en-spyv.xlsx;
TRMB;TRIMBLE INC;equity;sp500_value;State Street SPYV official daily holdings;TRUE;4619400;46194;286420;896239100;2903958;-;USD;21/05/2026;https://www.ssga.com/library-content/products/fund-data/etfs/us/holdings-daily-us-en-spyv.xlsx;
TYL;TYLER TECHNOLOGIES INC;equity;sp500_value;State Street SPYV official daily holdings;TRUE;4618500;46185;51914;902252105;2909644;-;USD;21/05/2026;https://www.ssga.com/library-content/products/fund-data/etfs/us/holdings-daily-us-en-spyv.xlsx;
REG;REGENCY CENTERS CORP;equity;sp500_value;State Street SPYV official daily holdings;TRUE;4473800;44738;198181;758849103;2726177;-;USD;21/05/2026;https://www.ssga.com/library-content/products/fund-data/etfs/us/holdings-daily-us-en-spyv.xlsx;
AIZ;ASSURANT INC;equity;sp500_value;State Street SPYV official daily holdings;TRUE;4443900;44439;60312;04621X108;2331430;-;USD;21/05/2026;https://www.ssga.com/library-content/products/fund-data/etfs/us/holdings-daily-us-en-spyv.xlsx;
CHTR;CHARTER COMMUNICATIONS INC A;equity;sp500_value;State Street SPYV official daily holdings;TRUE;4435800;44358;103384;16119P108;BZ6VT82;-;USD;21/05/2026;https://www.ssga.com/library-content/products/fund-data/etfs/us/holdings-daily-us-en-spyv.xlsx;
GL;GLOBE LIFE INC;equity;sp500_value;State Street SPYV official daily holdings;TRUE;4326200;43262;95871;37959E102;BK6YKG1;-;USD;21/05/2026;https://www.ssga.com/library-content/products/fund-data/etfs/us/holdings-daily-us-en-spyv.xlsx;
HII;HUNTINGTON INGALLS INDUSTRIE;equity;sp500_value;State Street SPYV official daily holdings;TRUE;4320500;43205;47217;446413106;B40SSC9;-;USD;21/05/2026;https://www.ssga.com/library-content/products/fund-data/etfs/us/holdings-daily-us-en-spyv.xlsx;
COO;COOPER COS INC/THE;equity;sp500_value;State Street SPYV official daily holdings;TRUE;4300800;43008;237476;216648501;BQPDXR3;-;USD;21/05/2026;https://www.ssga.com/library-content/products/fund-data/etfs/us/holdings-daily-us-en-spyv.xlsx;
GDDY;GODADDY INC   CLASS A;equity;sp500_value;State Street SPYV official daily holdings;TRUE;4296600;42966;162853;380237107;BWFRFC6;-;USD;21/05/2026;https://www.ssga.com/library-content/products/fund-data/etfs/us/holdings-daily-us-en-spyv.xlsx;
LYV;LIVE NATION ENTERTAINMENT IN;equity;sp500_value;State Street SPYV official daily holdings;TRUE;4280200;42802;89491;538034109;B0T7YX2;-;USD;21/05/2026;https://www.ssga.com/library-content/products/fund-data/etfs/us/holdings-daily-us-en-spyv.xlsx;
AVY;AVERY DENNISON CORP;equity;sp500_value;State Street SPYV official daily holdings;TRUE;4260500;42605;93049;053611109;2066408;-;USD;21/05/2026;https://www.ssga.com/library-content/products/fund-data/etfs/us/holdings-daily-us-en-spyv.xlsx;
PNW;PINNACLE WEST CAPITAL;equity;sp500_value;State Street SPYV official daily holdings;TRUE;4235700;42357;144337;723484101;2048804;-;USD;21/05/2026;https://www.ssga.com/library-content/products/fund-data/etfs/us/holdings-daily-us-en-spyv.xlsx;
PNR;PENTAIR PLC;equity;sp500_value;State Street SPYV official daily holdings;TRUE;4224800;42248;196984;G7S00T104;BLS09M3;-;USD;21/05/2026;https://www.ssga.com/library-content/products/fund-data/etfs/us/holdings-daily-us-en-spyv.xlsx;
ZBRA;ZEBRA TECHNOLOGIES CORP CL A;equity;sp500_value;State Street SPYV official daily holdings;TRUE;4216000;42160;60393;989207105;2989356;-;USD;21/05/2026;https://www.ssga.com/library-content/products/fund-data/etfs/us/holdings-daily-us-en-spyv.xlsx;
HAS;HASBRO INC;equity;sp500_value;State Street SPYV official daily holdings;TRUE;4167700;41677;160561;418056107;2414580;-;USD;21/05/2026;https://www.ssga.com/library-content/products/fund-data/etfs/us/holdings-daily-us-en-spyv.xlsx;
APTV;APTIV PLC;equity;sp500_value;State Street SPYV official daily holdings;TRUE;4150600;41506;257906;G3265R107;BTDN8H1;-;USD;21/05/2026;https://www.ssga.com/library-content/products/fund-data/etfs/us/holdings-daily-us-en-spyv.xlsx;
MKC;MCCORMICK + CO NON VTG SHRS;equity;sp500_value;State Street SPYV official daily holdings;TRUE;4133600;41336;305471;579780206;2550161;-;USD;21/05/2026;https://www.ssga.com/library-content/products/fund-data/etfs/us/holdings-daily-us-en-spyv.xlsx;
IVZ;INVESCO LTD;equity;sp500_value;State Street SPYV official daily holdings;TRUE;4133300;41333;531657;G491BT108;B28XP76;-;USD;21/05/2026;https://www.ssga.com/library-content/products/fund-data/etfs/us/holdings-daily-us-en-spyv.xlsx;
BBY;BEST BUY CO INC;equity;sp500_value;State Street SPYV official daily holdings;TRUE;4110500;41105;233276;086516101;2094670;-;USD;21/05/2026;https://www.ssga.com/library-content/products/fund-data/etfs/us/holdings-daily-us-en-spyv.xlsx;
MTD;METTLER TOLEDO INTERNATIONAL;equity;sp500_value;State Street SPYV official daily holdings;TRUE;4076100;40761;12972;592688105;2126249;-;USD;21/05/2026;https://www.ssga.com/library-content/products/fund-data/etfs/us/holdings-daily-us-en-spyv.xlsx;
SWK;STANLEY BLACK + DECKER INC;equity;sp500_value;State Street SPYV official daily holdings;TRUE;4065300;40653;186760;854502101;B3Q2FJ4;-;USD;21/05/2026;https://www.ssga.com/library-content/products/fund-data/etfs/us/holdings-daily-us-en-spyv.xlsx;
CLX;CLOROX COMPANY;equity;sp500_value;State Street SPYV official daily holdings;TRUE;3996800;39968;145744;189054109;2204026;-;USD;21/05/2026;https://www.ssga.com/library-content/products/fund-data/etfs/us/holdings-daily-us-en-spyv.xlsx;
SOLV;SOLVENTUM CORP;equity;sp500_value;State Street SPYV official daily holdings;TRUE;3936000;39360;177972;83444M101;BMTQB43;-;USD;21/05/2026;https://www.ssga.com/library-content/products/fund-data/etfs/us/holdings-daily-us-en-spyv.xlsx;
UDR;UDR INC;equity;sp500_value;State Street SPYV official daily holdings;TRUE;3923400;39234;362984;902653104;2727910;-;USD;21/05/2026;https://www.ssga.com/library-content/products/fund-data/etfs/us/holdings-daily-us-en-spyv.xlsx;
VRSK;VERISK ANALYTICS INC;equity;sp500_value;State Street SPYV official daily holdings;TRUE;3905100;39051;78975;92345Y106;B4P9W92;-;USD;21/05/2026;https://www.ssga.com/library-content/products/fund-data/etfs/us/holdings-daily-us-en-spyv.xlsx;
IT;GARTNER INC;equity;sp500_value;State Street SPYV official daily holdings;TRUE;3894700;38947;85968;366651107;2372763;-;USD;21/05/2026;https://www.ssga.com/library-content/products/fund-data/etfs/us/holdings-daily-us-en-spyv.xlsx;
CPT;CAMDEN PROPERTY TRUST;equity;sp500_value;State Street SPYV official daily holdings;TRUE;3885600;38856;127007;133131102;2166320;-;USD;21/05/2026;https://www.ssga.com/library-content/products/fund-data/etfs/us/holdings-daily-us-en-spyv.xlsx;
SWKS;SKYWORKS SOLUTIONS INC;equity;sp500_value;State Street SPYV official daily holdings;TRUE;3827400;38274;180614;83088M102;2961053;-;USD;21/05/2026;https://www.ssga.com/library-content/products/fund-data/etfs/us/holdings-daily-us-en-spyv.xlsx;
SJM;JM SMUCKER CO/THE;equity;sp500_value;State Street SPYV official daily holdings;TRUE;3780500;37805;128739;832696405;2951452;-;USD;21/05/2026;https://www.ssga.com/library-content/products/fund-data/etfs/us/holdings-daily-us-en-spyv.xlsx;
ALGN;ALIGN TECHNOLOGY INC;equity;sp500_value;State Street SPYV official daily holdings;TRUE;3778700;37787;80431;016255101;2679204;-;USD;21/05/2026;https://www.ssga.com/library-content/products/fund-data/etfs/us/holdings-daily-us-en-spyv.xlsx;
RVTY;REVVITY INC;equity;sp500_value;State Street SPYV official daily holdings;TRUE;3761800;37618;136870;714046109;2305844;-;USD;21/05/2026;https://www.ssga.com/library-content/products/fund-data/etfs/us/holdings-daily-us-en-spyv.xlsx;
CINF;CINCINNATI FINANCIAL CORP;equity;sp500_value;State Street SPYV official daily holdings;TRUE;3747800;37478;77248;172062101;2196888;-;USD;21/05/2026;https://www.ssga.com/library-content/products/fund-data/etfs/us/holdings-daily-us-en-spyv.xlsx;
STE;STERIS PLC;equity;sp500_value;State Street SPYV official daily holdings;TRUE;3744700;37447;59159;G8473T100;BFY8C75;-;USD;21/05/2026;https://www.ssga.com/library-content/products/fund-data/etfs/us/holdings-daily-us-en-spyv.xlsx;
AXON;AXON ENTERPRISE INC;equity;sp500_value;State Street SPYV official daily holdings;TRUE;3640300;36403;32406;05464C101;BDT5S35;-;USD;21/05/2026;https://www.ssga.com/library-content/products/fund-data/etfs/us/holdings-daily-us-en-spyv.xlsx;
AES;AES CORP;equity;sp500_value;State Street SPYV official daily holdings;TRUE;3638500;36385;859549;00130H105;2002479;-;USD;21/05/2026;https://www.ssga.com/library-content/products/fund-data/etfs/us/holdings-daily-us-en-spyv.xlsx;
JKHY;JACK HENRY + ASSOCIATES INC;equity;sp500_value;State Street SPYV official daily holdings;TRUE;3481600;34816;86575;426281101;2469193;-;USD;21/05/2026;https://www.ssga.com/library-content/products/fund-data/etfs/us/holdings-daily-us-en-spyv.xlsx;
DPZ;DOMINO S PIZZA INC;equity;sp500_value;State Street SPYV official daily holdings;TRUE;3409100;34091;37383;25754A201;B01SD70;-;USD;21/05/2026;https://www.ssga.com/library-content/products/fund-data/etfs/us/holdings-daily-us-en-spyv.xlsx;
BAX;BAXTER INTERNATIONAL INC;equity;sp500_value;State Street SPYV official daily holdings;TRUE;3406600;34066;621228;071813109;2085102;-;USD;21/05/2026;https://www.ssga.com/library-content/products/fund-data/etfs/us/holdings-daily-us-en-spyv.xlsx;
NWSA;NEWS CORP   CLASS A;equity;sp500_value;State Street SPYV official daily holdings;TRUE;3383400;33834;447125;65249B109;BBGVT40;-;USD;21/05/2026;https://www.ssga.com/library-content/products/fund-data/etfs/us/holdings-daily-us-en-spyv.xlsx;
BEN;FRANKLIN RESOURCES INC;equity;sp500_value;State Street SPYV official daily holdings;TRUE;3298300;32983;370914;354613101;2350684;-;USD;21/05/2026;https://www.ssga.com/library-content/products/fund-data/etfs/us/holdings-daily-us-en-spyv.xlsx;
TTD;TRADE DESK INC/THE  CLASS A;equity;sp500_value;State Street SPYV official daily holdings;TRUE;3258200;32582;531349;88339J105;BD8FDD1;-;USD;21/05/2026;https://www.ssga.com/library-content/products/fund-data/etfs/us/holdings-daily-us-en-spyv.xlsx;
FRT;FEDERAL REALTY INVS TRUST;equity;sp500_value;State Street SPYV official daily holdings;TRUE;3238600;32386;94755;313745101;BN7P9B2;-;USD;21/05/2026;https://www.ssga.com/library-content/products/fund-data/etfs/us/holdings-daily-us-en-spyv.xlsx;
VEEV;VEEVA SYSTEMS INC CLASS A;equity;sp500_value;State Street SPYV official daily holdings;TRUE;3150100;31501;69071;922475108;BFH3N85;-;USD;21/05/2026;https://www.ssga.com/library-content/products/fund-data/etfs/us/holdings-daily-us-en-spyv.xlsx;
UHS;UNIVERSAL HEALTH SERVICES B;equity;sp500_value;State Street SPYV official daily holdings;TRUE;3123000;31230;66716;913903100;2923785;-;USD;21/05/2026;https://www.ssga.com/library-content/products/fund-data/etfs/us/holdings-daily-us-en-spyv.xlsx;
BXP;BXP INC;equity;sp500_value;State Street SPYV official daily holdings;TRUE;3086400;30864;178128;101121101;2019479;-;USD;21/05/2026;https://www.ssga.com/library-content/products/fund-data/etfs/us/holdings-daily-us-en-spyv.xlsx;
WRB;WR BERKLEY CORP;equity;sp500_value;State Street SPYV official daily holdings;TRUE;2995300;29953;154064;084423102;2093644;-;USD;21/05/2026;https://www.ssga.com/library-content/products/fund-data/etfs/us/holdings-daily-us-en-spyv.xlsx;
FDS;FACTSET RESEARCH SYSTEMS INC;equity;sp500_value;State Street SPYV official daily holdings;TRUE;2901900;29019;44756;303075105;2329770;-;USD;21/05/2026;https://www.ssga.com/library-content/products/fund-data/etfs/us/holdings-daily-us-en-spyv.xlsx;
BLDR;BUILDERS FIRSTSOURCE INC;equity;sp500_value;State Street SPYV official daily holdings;TRUE;2813600;28136;132198;12008R107;B0BV2M7;-;USD;21/05/2026;https://www.ssga.com/library-content/products/fund-data/etfs/us/holdings-daily-us-en-spyv.xlsx;
CRL;CHARLES RIVER LABORATORIES;equity;sp500_value;State Street SPYV official daily holdings;TRUE;2719800;27198;59415;159864107;2604336;-;USD;21/05/2026;https://www.ssga.com/library-content/products/fund-data/etfs/us/holdings-daily-us-en-spyv.xlsx;
NRG;NRG ENERGY INC;equity;sp500_value;State Street SPYV official daily holdings;TRUE;2617900;26179;66354;629377508;2212922;-;USD;21/05/2026;https://www.ssga.com/library-content/products/fund-data/etfs/us/holdings-daily-us-en-spyv.xlsx;
ARE;ALEXANDRIA REAL ESTATE EQUIT;equity;sp500_value;State Street SPYV official daily holdings;TRUE;2599000;25990;188491;015271109;2009210;-;USD;21/05/2026;https://www.ssga.com/library-content/products/fund-data/etfs/us/holdings-daily-us-en-spyv.xlsx;
TECH;BIO TECHNE CORP;equity;sp500_value;State Street SPYV official daily holdings;TRUE;2573400;25734;188531;09073M104;BSHZ3Q0;-;USD;21/05/2026;https://www.ssga.com/library-content/products/fund-data/etfs/us/holdings-daily-us-en-spyv.xlsx;
HSIC;HENRY SCHEIN INC;equity;sp500_value;State Street SPYV official daily holdings;TRUE;2532900;25329;119593;806407102;2416962;-;USD;21/05/2026;https://www.ssga.com/library-content/products/fund-data/etfs/us/holdings-daily-us-en-spyv.xlsx;
MGM;MGM RESORTS INTERNATIONAL;equity;sp500_value;State Street SPYV official daily holdings;TRUE;2499700;24997;230349;552953101;2547419;-;USD;21/05/2026;https://www.ssga.com/library-content/products/fund-data/etfs/us/holdings-daily-us-en-spyv.xlsx;
TAP;MOLSON COORS BEVERAGE CO   B;equity;sp500_value;State Street SPYV official daily holdings;TRUE;2478900;24789;202274;60871R209;B067BM3;-;USD;21/05/2026;https://www.ssga.com/library-content/products/fund-data/etfs/us/holdings-daily-us-en-spyv.xlsx;
MOS;MOSAIC CO/THE;equity;sp500_value;State Street SPYV official daily holdings;TRUE;2395800;23958;378962;61945C103;B3NPHP6;-;USD;21/05/2026;https://www.ssga.com/library-content/products/fund-data/etfs/us/holdings-daily-us-en-spyv.xlsx;
DVA;DAVITA INC;equity;sp500_value;State Street SPYV official daily holdings;TRUE;2303100;23031;40233;23918K108;2898087;-;USD;21/05/2026;https://www.ssga.com/library-content/products/fund-data/etfs/us/holdings-daily-us-en-spyv.xlsx;
AOS;SMITH (A.O.) CORP;equity;sp500_value;State Street SPYV official daily holdings;TRUE;2231100;22311;135431;831865209;2816023;-;USD;21/05/2026;https://www.ssga.com/library-content/products/fund-data/etfs/us/holdings-daily-us-en-spyv.xlsx;
CAG;CONAGRA BRANDS INC;equity;sp500_value;State Street SPYV official daily holdings;TRUE;2202300;22023;571209;205887102;2215460;-;USD;21/05/2026;https://www.ssga.com/library-content/products/fund-data/etfs/us/holdings-daily-us-en-spyv.xlsx;
HRL;HORMEL FOODS CORP;equity;sp500_value;State Street SPYV official daily holdings;TRUE;2115500;21155;348264;440452100;2437264;-;USD;21/05/2026;https://www.ssga.com/library-content/products/fund-data/etfs/us/holdings-daily-us-en-spyv.xlsx;
POOL;POOL CORP;equity;sp500_value;State Street SPYV official daily holdings;TRUE;2070500;20705;39548;73278L105;2781585;-;USD;21/05/2026;https://www.ssga.com/library-content/products/fund-data/etfs/us/holdings-daily-us-en-spyv.xlsx;
ERIE;ERIE INDEMNITY COMPANY CL A;equity;sp500_value;State Street SPYV official daily holdings;TRUE;1972100;19721;30453;29530P102;2311711;-;USD;21/05/2026;https://www.ssga.com/library-content/products/fund-data/etfs/us/holdings-daily-us-en-spyv.xlsx;
EPAM;EPAM SYSTEMS INC;equity;sp500_value;State Street SPYV official daily holdings;TRUE;1963800;19638;66044;29414B104;B44Z3T8;-;USD;21/05/2026;https://www.ssga.com/library-content/products/fund-data/etfs/us/holdings-daily-us-en-spyv.xlsx;
ALLE;ALLEGION PLC;equity;sp500_value;State Street SPYV official daily holdings;TRUE;1778000;17780;47210;G0176J109;BFRT3W7;-;USD;21/05/2026;https://www.ssga.com/library-content/products/fund-data/etfs/us/holdings-daily-us-en-spyv.xlsx;
BF.B;BROWN FORMAN CORP CLASS B;equity;sp500_value;State Street SPYV official daily holdings;TRUE;1576800;15768;210137;115637209;2146838;-;USD;21/05/2026;https://www.ssga.com/library-content/products/fund-data/etfs/us/holdings-daily-us-en-spyv.xlsx;
FOXA;FOX CORP   CLASS A;equity;sp500_value;State Street SPYV official daily holdings;TRUE;1563900;15639;84457;35137L105;BJJMGL2;-;USD;21/05/2026;https://www.ssga.com/library-content/products/fund-data/etfs/us/holdings-daily-us-en-spyv.xlsx;
CPB;THE CAMPBELL S COMPANY;equity;sp500_value;State Street SPYV official daily holdings;TRUE;1356500;13565;234783;134429109;2162845;-;USD;21/05/2026;https://www.ssga.com/library-content/products/fund-data/etfs/us/holdings-daily-us-en-spyv.xlsx;
NWS;NEWS CORP   CLASS B;equity;sp500_value;State Street SPYV official daily holdings;TRUE;1277900;12779;147434;65249B208;BBGVT51;-;USD;21/05/2026;https://www.ssga.com/library-content/products/fund-data/etfs/us/holdings-daily-us-en-spyv.xlsx;
NCLH;NORWEGIAN CRUISE LINE HOLDIN;equity;sp500_value;State Street SPYV official daily holdings;TRUE;1135300;11353;239219;G66721104;B9CGTC3;-;USD;21/05/2026;https://www.ssga.com/library-content/products/fund-data/etfs/us/holdings-daily-us-en-spyv.xlsx;
PSKY;PARAMOUNT SKYDANCE CL B;equity;sp500_value;State Street SPYV official daily holdings;TRUE;1099800;10998;371286;69932A204;BSNMNQ5;-;USD;21/05/2026;https://www.ssga.com/library-content/products/fund-data/etfs/us/holdings-daily-us-en-spyv.xlsx;
FOX;FOX CORP   CLASS B;equity;sp500_value;State Street SPYV official daily holdings;TRUE;999100;9991;60163;35137L204;BJJMGY5;-;USD;21/05/2026;https://www.ssga.com/library-content/products/fund-data/etfs/us/holdings-daily-us-en-spyv.xlsx;
CASH_USD;US DOLLAR;cash;sp500_value;State Street SPYV official daily holdings;TRUE;733600;7336;254579721;999USDZ92;-;-;USD;21/05/2026;https://www.ssga.com/library-content/products/fund-data/etfs/us/holdings-daily-us-en-spyv.xlsx;
2602335D;CONTRA HOLOGIC INCORPO;other_security;sp500_value;State Street SPYV official daily holdings;TRUE;800;8;262752;436CVR021;-;-;USD;21/05/2026;https://www.ssga.com/library-content/products/fund-data/etfs/us/holdings-daily-us-en-spyv.xlsx;
